router_id,hour,avg_speed_mbps,latency_ms,packet_loss_pct,disconnects,connected_devices,signal_dbm
R-1000,2026-08-06T00:00,74.4,12,0.9,0,9,-41
R-1000,2026-08-06T01:00,30.7,45,0.9,1,6,-55
R-1000,2026-08-06T02:00,72.6,21,0.9,0,7,-52
R-1000,2026-08-06T03:00,68.0,36,0.8,0,10,-57
R-1000,2026-08-06T04:00,68.3,16,0.4,0,17,-55
R-1000,2026-08-06T05:00,36.0,39,0.3,0,9,-62
R-1000,2026-08-06T06:00,61.3,35,0.3,0,10,-51
R-1000,2026-08-06T07:00,60.3,35,0.7,1,2,-59
R-1000,2026-08-06T08:00,73.2,26,0.2,1,3,-59
R-1000,2026-08-06T09:00,57.8,32,0.7,1,15,-43
R-1000,2026-08-06T10:00,79.1,17,0.4,0,10,-61
R-1000,2026-08-06T11:00,64.0,10,0.5,0,13,-49
R-1000,2026-08-06T12:00,28.8,31,0.6,0,11,-46
R-1000,2026-08-06T13:00,42.0,36,0.3,1,6,-56
R-1000,2026-08-06T14:00,48.1,34,0.7,0,11,-50
R-1000,2026-08-06T15:00,55.1,10,0.3,0,15,-44
R-1000,2026-08-06T16:00,58.4,30,0.5,1,8,-46
R-1000,2026-08-06T17:00,51.0,20,0.7,1,18,-41
R-1000,2026-08-06T18:00,59.8,31,0.1,0,11,-55
R-1000,2026-08-06T19:00,69.4,19,0.0,0,17,-43
R-1000,2026-08-06T20:00,71.7,14,0.5,0,14,-47
R-1000,2026-08-06T21:00,47.0,19,0.7,0,5,-49
R-1000,2026-08-06T22:00,37.0,43,0.5,0,5,-48
R-1000,2026-08-06T23:00,32.3,39,0.7,1,16,-43
R-1001,2026-08-06T00:00,69.8,42,0.4,1,7,-47
R-1001,2026-08-06T01:00,49.8,25,0.8,1,18,-47
R-1001,2026-08-06T02:00,59.5,27,0.4,1,9,-54
R-1001,2026-08-06T03:00,43.5,44,0.1,0,9,-50
R-1001,2026-08-06T04:00,63.2,23,0.1,1,12,-45
R-1001,2026-08-06T05:00,50.6,13,0.2,1,14,-44
R-1001,2026-08-06T06:00,77.0,11,0.9,1,17,-62
R-1001,2026-08-06T07:00,76.9,29,0.8,1,9,-47
R-1001,2026-08-06T08:00,37.1,37,0.5,1,12,-41
R-1001,2026-08-06T09:00,62.4,35,0.7,1,6,-43
R-1001,2026-08-06T10:00,54.4,35,0.6,0,4,-42
R-1001,2026-08-06T11:00,48.6,39,0.2,1,14,-52
R-1001,2026-08-06T12:00,36.6,30,0.3,1,10,-49
R-1001,2026-08-06T13:00,38.9,15,0.5,0,13,-55
R-1001,2026-08-06T14:00,60.8,12,0.8,0,8,-62
R-1001,2026-08-06T15:00,59.2,25,0.1,0,8,-48
R-1001,2026-08-06T16:00,63.5,33,0.2,0,7,-53
R-1001,2026-08-06T17:00,30.9,11,0.9,1,14,-40
R-1001,2026-08-06T18:00,35.9,25,0.1,1,5,-44
R-1001,2026-08-06T19:00,68.0,32,0.5,1,4,-46
R-1001,2026-08-06T20:00,60.6,10,0.8,1,5,-49
R-1001,2026-08-06T21:00,77.8,39,0.7,1,7,-46
R-1001,2026-08-06T22:00,78.1,27,0.6,1,16,-49
R-1001,2026-08-06T23:00,70.4,27,0.3,0,4,-54
R-1002,2026-08-06T00:00,18.6,91,3.3,4,15,-78
R-1002,2026-08-06T01:00,13.9,101,1.5,2,16,-66
R-1002,2026-08-06T02:00,11.1,95,3.6,3,5,-70
R-1002,2026-08-06T03:00,19.4,70,1.7,4,20,-70
R-1002,2026-08-06T04:00,17.1,120,2.9,4,19,-66
R-1002,2026-08-06T05:00,8.2,97,1.7,2,14,-68
R-1002,2026-08-06T06:00,15.0,120,2.7,3,18,-67
R-1002,2026-08-06T07:00,14.6,105,3.1,3,14,-74
R-1002,2026-08-06T08:00,10.8,84,1.9,2,11,-75
R-1002,2026-08-06T09:00,16.9,95,3.2,3,8,-65
R-1002,2026-08-06T10:00,10.3,89,2.1,3,5,-67
R-1002,2026-08-06T11:00,14.4,95,1.1,1,14,-67
R-1002,2026-08-06T12:00,19.3,122,1.3,1,14,-71
R-1002,2026-08-06T13:00,13.7,103,1.6,1,13,-65
R-1002,2026-08-06T14:00,13.7,68,2.2,1,6,-76
R-1002,2026-08-06T15:00,9.8,132,3.8,1,12,-77
R-1002,2026-08-06T16:00,14.7,113,2.8,2,17,-71
R-1002,2026-08-06T17:00,18.9,98,3.6,4,14,-69
R-1002,2026-08-06T18:00,4.5,228,8.8,6,36,-75
R-1002,2026-08-06T19:00,2.8,234,4.4,8,35,-77
R-1002,2026-08-06T20:00,2.3,150,6.0,12,39,-85
R-1002,2026-08-06T21:00,2.9,240,5.4,12,32,-75
R-1002,2026-08-06T22:00,2.9,183,7.9,8,43,-84
R-1002,2026-08-06T23:00,4.2,232,4.7,9,34,-84
R-1003,2026-08-06T00:00,28.3,29,0.6,1,16,-59
R-1003,2026-08-06T01:00,50.8,29,0.7,1,18,-45
R-1003,2026-08-06T02:00,52.2,15,0.6,1,12,-43
R-1003,2026-08-06T03:00,38.8,15,0.2,0,10,-44
R-1003,2026-08-06T04:00,27.2,21,0.5,1,10,-57
R-1003,2026-08-06T05:00,79.8,37,0.6,1,4,-47
R-1003,2026-08-06T06:00,44.1,31,0.3,0,7,-52
R-1003,2026-08-06T07:00,47.6,41,0.3,1,3,-48
R-1003,2026-08-06T08:00,29.8,26,0.3,1,18,-62
R-1003,2026-08-06T09:00,61.2,44,0.5,0,8,-46
R-1003,2026-08-06T10:00,44.9,41,0.6,0,8,-54
R-1003,2026-08-06T11:00,55.2,28,0.4,1,5,-62
R-1003,2026-08-06T12:00,78.5,25,0.7,1,2,-45
R-1003,2026-08-06T13:00,47.4,24,1.0,0,16,-59
R-1003,2026-08-06T14:00,60.6,19,0.5,1,18,-40
R-1003,2026-08-06T15:00,40.0,40,1.0,0,16,-45
R-1003,2026-08-06T16:00,33.0,22,0.9,0,4,-54
R-1003,2026-08-06T17:00,67.5,36,0.3,1,2,-53
R-1003,2026-08-06T18:00,64.9,41,0.9,1,17,-51
R-1003,2026-08-06T19:00,43.3,44,0.4,1,8,-40
R-1003,2026-08-06T20:00,38.1,34,0.2,1,3,-52
R-1003,2026-08-06T21:00,66.0,34,0.4,0,17,-61
R-1003,2026-08-06T22:00,31.9,31,0.9,1,5,-46
R-1003,2026-08-06T23:00,75.1,10,0.7,1,6,-60
R-1004,2026-08-06T00:00,50.8,26,0.3,1,4,-52
R-1004,2026-08-06T01:00,71.9,44,0.4,1,17,-45
R-1004,2026-08-06T02:00,27.0,14,0.2,1,9,-60
R-1004,2026-08-06T03:00,48.9,16,0.8,0,16,-57
R-1004,2026-08-06T04:00,63.2,11,0.0,0,11,-51
R-1004,2026-08-06T05:00,45.6,19,0.2,1,7,-57
R-1004,2026-08-06T06:00,34.6,34,0.6,0,17,-44
R-1004,2026-08-06T07:00,32.9,39,0.6,1,10,-41
R-1004,2026-08-06T08:00,25.5,39,0.9,0,4,-48
R-1004,2026-08-06T09:00,77.0,29,0.6,1,10,-48
R-1004,2026-08-06T10:00,71.5,22,1.0,1,5,-55
R-1004,2026-08-06T11:00,46.0,32,0.6,1,2,-41
R-1004,2026-08-06T12:00,46.8,10,0.6,0,17,-53
R-1004,2026-08-06T13:00,67.7,24,0.6,1,9,-42
R-1004,2026-08-06T14:00,35.5,26,0.7,0,5,-42
R-1004,2026-08-06T15:00,60.5,29,0.8,0,13,-58
R-1004,2026-08-06T16:00,30.0,28,0.3,1,7,-56
R-1004,2026-08-06T17:00,32.3,44,0.9,1,18,-46
R-1004,2026-08-06T18:00,75.2,20,0.3,1,11,-52
R-1004,2026-08-06T19:00,69.2,39,1.0,0,9,-41
R-1004,2026-08-06T20:00,64.8,35,1.0,1,4,-50
R-1004,2026-08-06T21:00,25.8,44,0.1,1,10,-44
R-1004,2026-08-06T22:00,46.0,33,0.1,0,17,-62
R-1004,2026-08-06T23:00,59.1,45,0.3,0,4,-42
R-1005,2026-08-06T00:00,70.3,29,0.6,0,6,-61
R-1005,2026-08-06T01:00,77.0,29,1.0,0,5,-55
R-1005,2026-08-06T02:00,73.8,18,0.4,1,15,-44
R-1005,2026-08-06T03:00,65.8,19,0.9,0,17,-43
R-1005,2026-08-06T04:00,47.4,27,0.0,1,8,-48
R-1005,2026-08-06T05:00,49.5,25,0.9,0,13,-45
R-1005,2026-08-06T06:00,74.6,32,0.1,1,8,-59
R-1005,2026-08-06T07:00,77.2,39,0.1,0,2,-61
R-1005,2026-08-06T08:00,68.3,25,1.0,0,4,-45
R-1005,2026-08-06T09:00,36.4,23,0.8,0,12,-58
R-1005,2026-08-06T10:00,68.4,10,0.3,0,6,-45
R-1005,2026-08-06T11:00,38.8,21,0.1,0,6,-62
R-1005,2026-08-06T12:00,44.7,25,0.6,0,7,-54
R-1005,2026-08-06T13:00,27.9,36,0.5,0,17,-48
R-1005,2026-08-06T14:00,67.8,42,0.6,1,18,-55
R-1005,2026-08-06T15:00,77.0,12,0.7,1,16,-42
R-1005,2026-08-06T16:00,78.0,13,1.0,1,15,-41
R-1005,2026-08-06T17:00,30.9,38,0.1,0,12,-43
R-1005,2026-08-06T18:00,33.2,18,0.3,1,14,-43
R-1005,2026-08-06T19:00,54.2,39,0.5,1,5,-40
R-1005,2026-08-06T20:00,31.3,45,0.7,0,15,-48
R-1005,2026-08-06T21:00,73.8,36,0.3,1,14,-49
R-1005,2026-08-06T22:00,65.1,30,0.4,1,13,-58
R-1005,2026-08-06T23:00,62.8,40,0.1,0,4,-49
R-1006,2026-08-06T00:00,30.3,33,0.8,0,12,-41
R-1006,2026-08-06T01:00,31.7,32,0.9,1,3,-53
R-1006,2026-08-06T02:00,58.0,32,0.1,0,6,-41
R-1006,2026-08-06T03:00,51.5,16,0.4,1,5,-54
R-1006,2026-08-06T04:00,56.6,37,0.8,0,10,-62
R-1006,2026-08-06T05:00,34.9,29,0.9,1,2,-57
R-1006,2026-08-06T06:00,72.8,35,0.1,0,4,-46
R-1006,2026-08-06T07:00,36.8,36,0.5,0,13,-53
R-1006,2026-08-06T08:00,64.7,15,0.9,0,7,-43
R-1006,2026-08-06T09:00,27.7,15,0.3,1,17,-43
R-1006,2026-08-06T10:00,49.3,27,0.2,0,13,-49
R-1006,2026-08-06T11:00,31.1,41,0.5,1,3,-55
R-1006,2026-08-06T12:00,46.7,13,0.0,1,8,-58
R-1006,2026-08-06T13:00,67.0,28,0.3,0,17,-49
R-1006,2026-08-06T14:00,34.7,34,0.5,0,18,-45
R-1006,2026-08-06T15:00,70.8,32,0.1,0,15,-62
R-1006,2026-08-06T16:00,50.3,14,0.9,1,14,-40
R-1006,2026-08-06T17:00,60.2,28,0.1,0,12,-57
R-1006,2026-08-06T18:00,69.1,39,0.8,1,4,-49
R-1006,2026-08-06T19:00,71.4,25,0.4,1,18,-60
R-1006,2026-08-06T20:00,46.8,29,0.7,0,12,-57
R-1006,2026-08-06T21:00,29.2,17,0.5,0,13,-51
R-1006,2026-08-06T22:00,65.0,19,0.2,0,10,-56
R-1006,2026-08-06T23:00,34.5,19,0.8,0,7,-42
R-1007,2026-08-06T00:00,52.2,38,0.7,1,12,-58
R-1007,2026-08-06T01:00,49.2,40,0.4,1,10,-44
R-1007,2026-08-06T02:00,28.1,42,0.1,1,16,-61
R-1007,2026-08-06T03:00,28.1,28,0.1,0,18,-50
R-1007,2026-08-06T04:00,50.4,45,1.0,0,16,-44
R-1007,2026-08-06T05:00,60.9,30,0.6,0,3,-48
R-1007,2026-08-06T06:00,30.7,31,1.0,0,18,-42
R-1007,2026-08-06T07:00,34.5,25,0.7,1,18,-46
R-1007,2026-08-06T08:00,58.5,33,0.4,1,14,-49
R-1007,2026-08-06T09:00,67.6,13,0.8,1,4,-52
R-1007,2026-08-06T10:00,30.2,34,0.3,0,12,-60
R-1007,2026-08-06T11:00,57.1,19,0.9,1,14,-58
R-1007,2026-08-06T12:00,57.7,15,0.3,1,12,-58
R-1007,2026-08-06T13:00,61.9,43,0.1,1,18,-51
R-1007,2026-08-06T14:00,26.0,29,0.2,0,12,-47
R-1007,2026-08-06T15:00,35.6,18,0.2,1,5,-46
R-1007,2026-08-06T16:00,67.4,43,0.0,1,6,-43
R-1007,2026-08-06T17:00,45.7,20,0.2,0,16,-61
R-1007,2026-08-06T18:00,47.6,25,1.0,1,16,-55
R-1007,2026-08-06T19:00,54.4,29,1.0,1,8,-51
R-1007,2026-08-06T20:00,62.3,38,0.5,1,14,-46
R-1007,2026-08-06T21:00,54.0,20,0.8,0,10,-61
R-1007,2026-08-06T22:00,60.3,33,0.6,0,18,-59
R-1007,2026-08-06T23:00,40.7,20,0.3,0,15,-60
R-1008,2026-08-06T00:00,77.1,24,0.8,1,2,-49
R-1008,2026-08-06T01:00,27.9,42,0.4,1,4,-51
R-1008,2026-08-06T02:00,37.3,30,0.9,1,6,-58
R-1008,2026-08-06T03:00,27.1,40,0.7,0,17,-48
R-1008,2026-08-06T04:00,58.8,15,0.0,0,6,-45
R-1008,2026-08-06T05:00,76.7,43,0.4,1,9,-53
R-1008,2026-08-06T06:00,31.7,25,0.4,1,4,-59
R-1008,2026-08-06T07:00,71.0,41,0.6,0,18,-44
R-1008,2026-08-06T08:00,38.3,19,0.3,0,13,-55
R-1008,2026-08-06T09:00,56.4,21,0.7,0,18,-51
R-1008,2026-08-06T10:00,28.7,43,0.5,0,14,-47
R-1008,2026-08-06T11:00,27.4,34,1.0,1,2,-51
R-1008,2026-08-06T12:00,68.4,32,0.2,0,12,-58
R-1008,2026-08-06T13:00,27.4,44,0.3,0,16,-40
R-1008,2026-08-06T14:00,51.3,21,0.8,0,16,-61
R-1008,2026-08-06T15:00,41.1,12,0.8,0,12,-53
R-1008,2026-08-06T16:00,53.3,44,0.5,0,8,-53
R-1008,2026-08-06T17:00,44.6,13,0.9,1,10,-59
R-1008,2026-08-06T18:00,69.0,37,0.9,1,14,-52
R-1008,2026-08-06T19:00,78.6,41,0.7,1,18,-54
R-1008,2026-08-06T20:00,69.1,37,0.1,0,11,-52
R-1008,2026-08-06T21:00,30.6,30,0.7,1,16,-43
R-1008,2026-08-06T22:00,64.5,20,0.7,1,16,-61
R-1008,2026-08-06T23:00,65.0,32,0.6,1,10,-42
R-1009,2026-08-06T00:00,78.9,13,0.1,1,13,-46
R-1009,2026-08-06T01:00,69.1,20,1.0,0,16,-61
R-1009,2026-08-06T02:00,31.9,25,0.8,1,13,-50
R-1009,2026-08-06T03:00,77.2,12,0.6,1,13,-51
R-1009,2026-08-06T04:00,49.4,14,0.6,1,14,-52
R-1009,2026-08-06T05:00,60.7,25,1.0,0,7,-47
R-1009,2026-08-06T06:00,53.5,45,0.1,1,16,-56
R-1009,2026-08-06T07:00,79.8,28,0.7,1,8,-59
R-1009,2026-08-06T08:00,32.5,14,0.5,1,4,-41
R-1009,2026-08-06T09:00,78.2,30,0.7,0,11,-53
R-1009,2026-08-06T10:00,71.8,21,0.8,0,5,-56
R-1009,2026-08-06T11:00,68.6,25,0.8,0,13,-45
R-1009,2026-08-06T12:00,56.5,39,0.8,0,4,-60
R-1009,2026-08-06T13:00,42.0,40,0.5,1,4,-58
R-1009,2026-08-06T14:00,78.5,14,0.4,1,6,-45
R-1009,2026-08-06T15:00,60.2,21,0.8,0,15,-46
R-1009,2026-08-06T16:00,75.1,13,0.8,0,11,-57
R-1009,2026-08-06T17:00,33.9,24,0.3,1,4,-54
R-1009,2026-08-06T18:00,35.8,45,0.3,1,4,-46
R-1009,2026-08-06T19:00,60.3,19,0.2,1,3,-62
R-1009,2026-08-06T20:00,29.5,26,0.7,1,2,-47
R-1009,2026-08-06T21:00,73.9,44,0.3,1,17,-55
R-1009,2026-08-06T22:00,69.3,35,0.3,0,3,-57
R-1009,2026-08-06T23:00,49.2,40,0.5,1,6,-52
R-1010,2026-08-06T00:00,18.3,100,3.2,3,17,-76
R-1010,2026-08-06T01:00,17.1,125,2.7,3,12,-71
R-1010,2026-08-06T02:00,9.5,117,1.7,1,6,-74
R-1010,2026-08-06T03:00,19.3,138,2.3,2,15,-69
R-1010,2026-08-06T04:00,16.7,84,3.3,4,19,-71
R-1010,2026-08-06T05:00,18.5,123,1.1,4,19,-75
R-1010,2026-08-06T06:00,10.6,105,1.1,3,20,-69
R-1010,2026-08-06T07:00,18.6,120,1.9,1,8,-72
R-1010,2026-08-06T08:00,9.6,93,3.2,4,16,-78
R-1010,2026-08-06T09:00,12.8,132,2.7,3,14,-77
R-1010,2026-08-06T10:00,12.6,117,3.3,3,8,-76
R-1010,2026-08-06T11:00,19.7,110,2.1,3,16,-66
R-1010,2026-08-06T12:00,9.7,137,2.5,1,6,-78
R-1010,2026-08-06T13:00,9.6,102,3.4,4,9,-69
R-1010,2026-08-06T14:00,18.7,77,2.0,3,10,-72
R-1010,2026-08-06T15:00,19.9,98,2.8,4,14,-71
R-1010,2026-08-06T16:00,17.8,107,2.0,1,18,-69
R-1010,2026-08-06T17:00,11.7,140,1.1,4,13,-68
R-1010,2026-08-06T18:00,5.1,249,6.9,8,31,-76
R-1010,2026-08-06T19:00,3.9,217,7.1,11,34,-72
R-1010,2026-08-06T20:00,4.7,154,6.9,6,36,-85
R-1010,2026-08-06T21:00,3.8,203,4.8,8,43,-77
R-1010,2026-08-06T22:00,5.1,210,8.4,5,34,-77
R-1010,2026-08-06T23:00,2.8,191,9.0,12,46,-79
R-1011,2026-08-06T00:00,42.3,21,0.5,1,13,-41
R-1011,2026-08-06T01:00,67.5,26,0.6,0,9,-54
R-1011,2026-08-06T02:00,55.7,24,0.9,1,11,-40
R-1011,2026-08-06T03:00,36.4,41,0.3,1,10,-53
R-1011,2026-08-06T04:00,31.7,44,0.4,1,13,-58
R-1011,2026-08-06T05:00,41.0,28,1.0,0,13,-48
R-1011,2026-08-06T06:00,61.1,40,0.2,1,10,-58
R-1011,2026-08-06T07:00,31.0,25,0.2,0,9,-61
R-1011,2026-08-06T08:00,30.5,31,0.7,0,6,-62
R-1011,2026-08-06T09:00,78.0,20,0.4,1,17,-42
R-1011,2026-08-06T10:00,36.0,28,0.3,0,4,-42
R-1011,2026-08-06T11:00,56.6,44,0.7,0,7,-49
R-1011,2026-08-06T12:00,73.5,21,0.9,0,14,-47
R-1011,2026-08-06T13:00,35.2,28,0.9,0,11,-44
R-1011,2026-08-06T14:00,58.2,31,0.3,1,6,-46
R-1011,2026-08-06T15:00,50.7,22,0.8,1,7,-48
R-1011,2026-08-06T16:00,60.7,21,0.0,1,11,-44
R-1011,2026-08-06T17:00,62.1,22,0.2,1,15,-46
R-1011,2026-08-06T18:00,43.0,35,0.7,0,6,-47
R-1011,2026-08-06T19:00,42.8,25,0.0,1,9,-48
R-1011,2026-08-06T20:00,66.5,31,0.3,0,10,-42
R-1011,2026-08-06T21:00,44.8,25,0.1,0,16,-53
R-1011,2026-08-06T22:00,33.8,42,0.9,1,5,-42
R-1011,2026-08-06T23:00,75.4,28,0.4,0,9,-58
R-1012,2026-08-06T00:00,51.3,39,0.7,1,15,-40
R-1012,2026-08-06T01:00,55.2,40,0.8,0,9,-41
R-1012,2026-08-06T02:00,66.5,15,0.5,1,4,-44
R-1012,2026-08-06T03:00,31.2,45,0.9,0,6,-57
R-1012,2026-08-06T04:00,43.0,43,0.4,0,17,-60
R-1012,2026-08-06T05:00,74.4,38,0.8,1,6,-46
R-1012,2026-08-06T06:00,47.8,13,0.6,1,2,-50
R-1012,2026-08-06T07:00,39.0,10,0.7,0,3,-49
R-1012,2026-08-06T08:00,43.9,14,0.5,0,4,-47
R-1012,2026-08-06T09:00,26.7,36,0.2,0,15,-51
R-1012,2026-08-06T10:00,79.6,34,0.4,1,14,-60
R-1012,2026-08-06T11:00,62.6,44,0.1,1,5,-57
R-1012,2026-08-06T12:00,79.6,35,0.5,0,2,-62
R-1012,2026-08-06T13:00,78.8,39,0.7,1,14,-55
R-1012,2026-08-06T14:00,38.6,32,0.2,0,5,-61
R-1012,2026-08-06T15:00,69.5,36,0.6,0,9,-56
R-1012,2026-08-06T16:00,28.7,12,0.4,0,9,-61
R-1012,2026-08-06T17:00,47.1,24,0.5,0,6,-46
R-1012,2026-08-06T18:00,79.6,24,0.8,1,12,-55
R-1012,2026-08-06T19:00,41.6,19,1.0,0,15,-53
R-1012,2026-08-06T20:00,40.1,45,0.9,0,15,-45
R-1012,2026-08-06T21:00,52.3,32,0.9,1,18,-52
R-1012,2026-08-06T22:00,63.3,36,0.1,1,7,-45
R-1012,2026-08-06T23:00,51.0,24,0.3,0,16,-61
R-1013,2026-08-06T00:00,55.9,36,0.6,0,14,-55
R-1013,2026-08-06T01:00,39.0,31,0.6,1,13,-60
R-1013,2026-08-06T02:00,54.5,22,0.1,1,3,-60
R-1013,2026-08-06T03:00,35.3,45,0.2,0,12,-53
R-1013,2026-08-06T04:00,77.6,10,0.2,0,5,-47
R-1013,2026-08-06T05:00,75.3,23,0.4,0,12,-53
R-1013,2026-08-06T06:00,45.9,44,0.6,1,10,-51
R-1013,2026-08-06T07:00,53.2,41,0.5,1,12,-56
R-1013,2026-08-06T08:00,45.4,36,0.0,0,6,-62
R-1013,2026-08-06T09:00,39.3,36,0.3,0,12,-55
R-1013,2026-08-06T10:00,45.9,25,0.5,1,10,-47
R-1013,2026-08-06T11:00,78.2,41,0.5,1,7,-58
R-1013,2026-08-06T12:00,64.6,41,0.2,0,18,-61
R-1013,2026-08-06T13:00,71.1,14,0.9,0,2,-49
R-1013,2026-08-06T14:00,32.6,24,0.1,0,2,-56
R-1013,2026-08-06T15:00,52.8,33,0.1,1,17,-62
R-1013,2026-08-06T16:00,25.4,45,0.4,0,18,-54
R-1013,2026-08-06T17:00,54.5,28,0.0,1,7,-59
R-1013,2026-08-06T18:00,75.5,43,0.1,0,18,-54
R-1013,2026-08-06T19:00,69.8,27,0.8,0,13,-50
R-1013,2026-08-06T20:00,50.2,25,1.0,0,11,-41
R-1013,2026-08-06T21:00,70.5,15,0.7,0,4,-50
R-1013,2026-08-06T22:00,45.9,45,0.5,0,7,-60
R-1013,2026-08-06T23:00,52.5,37,0.6,1,5,-46
R-1014,2026-08-06T00:00,75.6,24,0.2,1,10,-61
R-1014,2026-08-06T01:00,75.8,27,0.9,0,7,-52
R-1014,2026-08-06T02:00,25.9,23,0.6,1,4,-53
R-1014,2026-08-06T03:00,33.9,25,0.6,1,12,-50
R-1014,2026-08-06T04:00,66.6,18,0.8,0,18,-51
R-1014,2026-08-06T05:00,28.0,37,0.2,0,12,-43
R-1014,2026-08-06T06:00,67.3,35,1.0,1,2,-42
R-1014,2026-08-06T07:00,40.0,38,0.5,1,14,-49
R-1014,2026-08-06T08:00,35.2,34,0.1,1,9,-40
R-1014,2026-08-06T09:00,29.0,27,0.2,0,14,-52
R-1014,2026-08-06T10:00,44.8,15,0.0,1,16,-51
R-1014,2026-08-06T11:00,66.9,16,0.1,0,15,-48
R-1014,2026-08-06T12:00,55.6,42,0.4,0,4,-51
R-1014,2026-08-06T13:00,55.5,30,0.9,0,11,-49
R-1014,2026-08-06T14:00,46.3,15,0.7,0,18,-57
R-1014,2026-08-06T15:00,62.7,20,0.1,1,10,-47
R-1014,2026-08-06T16:00,33.0,20,0.4,1,11,-47
R-1014,2026-08-06T17:00,68.0,33,0.3,0,17,-43
R-1014,2026-08-06T18:00,58.9,39,0.1,1,2,-50
R-1014,2026-08-06T19:00,43.3,34,0.8,1,16,-52
R-1014,2026-08-06T20:00,48.7,18,0.3,0,17,-52
R-1014,2026-08-06T21:00,34.8,35,1.0,1,17,-44
R-1014,2026-08-06T22:00,68.0,30,0.4,1,13,-59
R-1014,2026-08-06T23:00,76.3,22,0.6,0,2,-48
R-1015,2026-08-06T00:00,76.9,23,0.4,1,4,-49
R-1015,2026-08-06T01:00,62.0,18,0.6,0,10,-41
R-1015,2026-08-06T02:00,33.5,37,0.8,0,16,-43
R-1015,2026-08-06T03:00,51.4,35,0.5,1,3,-51
R-1015,2026-08-06T04:00,63.6,44,0.6,0,5,-55
R-1015,2026-08-06T05:00,61.2,32,0.2,0,14,-52
R-1015,2026-08-06T06:00,78.1,37,0.1,0,10,-55
R-1015,2026-08-06T07:00,53.1,43,0.6,0,16,-51
R-1015,2026-08-06T08:00,46.5,42,0.2,0,17,-59
R-1015,2026-08-06T09:00,41.2,15,0.1,0,13,-53
R-1015,2026-08-06T10:00,43.9,23,0.5,1,17,-59
R-1015,2026-08-06T11:00,49.1,38,0.3,1,3,-40
R-1015,2026-08-06T12:00,31.3,31,0.6,0,9,-46
R-1015,2026-08-06T13:00,34.6,20,0.3,1,16,-55
R-1015,2026-08-06T14:00,68.9,21,0.2,1,14,-62
R-1015,2026-08-06T15:00,65.6,22,0.4,1,14,-62
R-1015,2026-08-06T16:00,63.8,23,0.3,0,5,-45
R-1015,2026-08-06T17:00,35.3,30,0.2,0,10,-41
R-1015,2026-08-06T18:00,72.4,43,1.0,1,14,-43
R-1015,2026-08-06T19:00,46.6,17,0.3,1,7,-41
R-1015,2026-08-06T20:00,63.8,29,0.9,0,6,-52
R-1015,2026-08-06T21:00,31.5,29,0.1,1,6,-46
R-1015,2026-08-06T22:00,46.4,18,0.6,1,7,-47
R-1015,2026-08-06T23:00,60.0,21,0.6,1,11,-58
R-1016,2026-08-06T00:00,35.3,38,0.6,1,2,-47
R-1016,2026-08-06T01:00,32.5,34,1.0,1,15,-41
R-1016,2026-08-06T02:00,52.0,38,0.5,0,2,-55
R-1016,2026-08-06T03:00,41.1,27,0.2,1,7,-48
R-1016,2026-08-06T04:00,56.1,41,0.5,0,5,-54
R-1016,2026-08-06T05:00,67.6,33,0.5,0,16,-45
R-1016,2026-08-06T06:00,37.0,37,0.1,0,11,-61
R-1016,2026-08-06T07:00,49.7,32,0.9,0,16,-59
R-1016,2026-08-06T08:00,67.7,25,0.2,1,15,-57
R-1016,2026-08-06T09:00,58.9,23,0.8,0,13,-45
R-1016,2026-08-06T10:00,40.5,44,0.2,1,11,-44
R-1016,2026-08-06T11:00,39.7,42,1.0,0,6,-49
R-1016,2026-08-06T12:00,75.5,27,0.9,0,6,-55
R-1016,2026-08-06T13:00,33.0,30,0.8,1,17,-58
R-1016,2026-08-06T14:00,56.8,27,0.6,1,16,-60
R-1016,2026-08-06T15:00,59.8,15,0.4,1,13,-48
R-1016,2026-08-06T16:00,77.3,30,0.6,0,16,-42
R-1016,2026-08-06T17:00,61.5,32,0.9,1,8,-49
R-1016,2026-08-06T18:00,70.4,41,0.3,1,12,-45
R-1016,2026-08-06T19:00,56.8,41,0.8,0,3,-59
R-1016,2026-08-06T20:00,59.4,39,0.0,0,16,-48
R-1016,2026-08-06T21:00,25.0,37,0.2,0,11,-57
R-1016,2026-08-06T22:00,73.1,27,0.1,1,10,-60
R-1016,2026-08-06T23:00,45.5,20,0.1,1,9,-49
R-1017,2026-08-06T00:00,61.1,16,0.0,1,4,-58
R-1017,2026-08-06T01:00,57.7,43,0.7,0,2,-40
R-1017,2026-08-06T02:00,43.9,17,1.0,1,6,-47
R-1017,2026-08-06T03:00,28.9,34,0.1,0,5,-52
R-1017,2026-08-06T04:00,45.2,29,0.1,0,6,-60
R-1017,2026-08-06T05:00,54.2,10,0.6,0,16,-51
R-1017,2026-08-06T06:00,64.7,19,0.9,1,8,-60
R-1017,2026-08-06T07:00,74.3,18,0.8,1,13,-49
R-1017,2026-08-06T08:00,42.3,18,0.2,0,9,-45
R-1017,2026-08-06T09:00,58.1,28,0.8,0,11,-56
R-1017,2026-08-06T10:00,53.5,42,0.2,1,11,-42
R-1017,2026-08-06T11:00,28.0,25,0.5,0,9,-47
R-1017,2026-08-06T12:00,60.1,14,0.5,0,13,-52
R-1017,2026-08-06T13:00,32.3,36,0.4,0,17,-60
R-1017,2026-08-06T14:00,25.9,14,0.0,0,3,-61
R-1017,2026-08-06T15:00,77.2,35,0.5,1,15,-40
R-1017,2026-08-06T16:00,47.1,44,0.5,0,10,-60
R-1017,2026-08-06T17:00,42.0,42,0.9,0,12,-50
R-1017,2026-08-06T18:00,57.3,14,0.3,1,9,-61
R-1017,2026-08-06T19:00,38.4,37,0.1,0,11,-41
R-1017,2026-08-06T20:00,65.8,21,0.1,0,2,-57
R-1017,2026-08-06T21:00,52.3,32,0.5,1,7,-51
R-1017,2026-08-06T22:00,32.0,27,0.7,0,2,-52
R-1017,2026-08-06T23:00,69.4,27,0.5,1,4,-47
R-1018,2026-08-06T00:00,13.5,106,1.2,2,16,-76
R-1018,2026-08-06T01:00,11.1,73,3.7,1,12,-67
R-1018,2026-08-06T02:00,14.1,65,3.6,1,12,-78
R-1018,2026-08-06T03:00,13.7,109,3.8,2,6,-70
R-1018,2026-08-06T04:00,17.6,113,1.7,2,18,-67
R-1018,2026-08-06T05:00,11.8,69,2.7,1,6,-76
R-1018,2026-08-06T06:00,10.7,126,3.9,4,7,-71
R-1018,2026-08-06T07:00,18.4,99,2.0,4,5,-73
R-1018,2026-08-06T08:00,10.4,132,3.4,2,19,-73
R-1018,2026-08-06T09:00,15.1,123,4.0,2,12,-76
R-1018,2026-08-06T10:00,8.1,112,1.1,3,5,-73
R-1018,2026-08-06T11:00,8.0,108,3.5,3,8,-75
R-1018,2026-08-06T12:00,14.4,90,2.3,1,9,-67
R-1018,2026-08-06T13:00,11.4,65,3.8,4,16,-71
R-1018,2026-08-06T14:00,19.7,70,2.7,2,17,-77
R-1018,2026-08-06T15:00,15.1,67,2.3,2,12,-74
R-1018,2026-08-06T16:00,11.1,100,3.8,4,15,-73
R-1018,2026-08-06T17:00,13.4,89,1.2,2,9,-66
R-1018,2026-08-06T18:00,5.1,163,4.8,7,44,-78
R-1018,2026-08-06T19:00,3.3,165,6.7,8,44,-81
R-1018,2026-08-06T20:00,3.9,259,4.6,7,39,-72
R-1018,2026-08-06T21:00,4.8,227,4.2,10,34,-84
R-1018,2026-08-06T22:00,4.8,195,6.0,5,39,-81
R-1018,2026-08-06T23:00,5.3,172,4.2,11,44,-77
R-1019,2026-08-06T00:00,66.1,25,0.1,0,6,-59
R-1019,2026-08-06T01:00,25.7,24,0.1,1,13,-41
R-1019,2026-08-06T02:00,59.7,15,0.6,1,4,-62
R-1019,2026-08-06T03:00,79.8,22,0.9,1,6,-60
R-1019,2026-08-06T04:00,74.8,31,0.1,1,3,-57
R-1019,2026-08-06T05:00,75.8,37,0.8,1,17,-62
R-1019,2026-08-06T06:00,46.1,37,0.2,0,7,-54
R-1019,2026-08-06T07:00,40.4,19,0.0,0,11,-47
R-1019,2026-08-06T08:00,47.7,45,0.5,0,10,-50
R-1019,2026-08-06T09:00,32.5,22,0.6,0,2,-50
R-1019,2026-08-06T10:00,68.0,32,0.5,1,13,-44
R-1019,2026-08-06T11:00,52.6,34,0.3,0,12,-43
R-1019,2026-08-06T12:00,37.0,27,0.1,1,18,-51
R-1019,2026-08-06T13:00,67.2,24,1.0,0,9,-41
R-1019,2026-08-06T14:00,38.3,44,0.8,0,9,-44
R-1019,2026-08-06T15:00,71.6,34,0.4,0,7,-55
R-1019,2026-08-06T16:00,57.6,32,0.9,0,13,-44
R-1019,2026-08-06T17:00,56.0,22,0.8,1,11,-57
R-1019,2026-08-06T18:00,52.0,15,0.1,0,2,-46
R-1019,2026-08-06T19:00,51.3,31,0.9,0,6,-52
R-1019,2026-08-06T20:00,64.4,30,0.1,0,6,-59
R-1019,2026-08-06T21:00,71.6,33,1.0,1,14,-44
R-1019,2026-08-06T22:00,30.6,29,0.3,0,15,-42
R-1019,2026-08-06T23:00,77.8,30,0.2,1,9,-41
R-1020,2026-08-06T00:00,57.4,21,0.4,1,6,-57
R-1020,2026-08-06T01:00,65.1,35,0.9,0,7,-43
R-1020,2026-08-06T02:00,42.5,24,0.6,0,17,-58
R-1020,2026-08-06T03:00,43.2,14,0.2,1,7,-42
R-1020,2026-08-06T04:00,73.7,15,0.8,1,16,-62
R-1020,2026-08-06T05:00,39.6,25,0.7,1,10,-59
R-1020,2026-08-06T06:00,64.6,13,0.4,1,7,-49
R-1020,2026-08-06T07:00,52.1,34,0.4,1,5,-47
R-1020,2026-08-06T08:00,68.4,24,0.2,0,3,-53
R-1020,2026-08-06T09:00,26.1,26,1.0,0,12,-57
R-1020,2026-08-06T10:00,73.8,20,0.7,0,12,-43
R-1020,2026-08-06T11:00,79.2,40,0.7,1,7,-43
R-1020,2026-08-06T12:00,73.9,20,0.1,1,8,-56
R-1020,2026-08-06T13:00,47.5,45,0.7,1,11,-53
R-1020,2026-08-06T14:00,38.1,13,0.4,1,6,-61
R-1020,2026-08-06T15:00,44.8,37,0.1,1,8,-59
R-1020,2026-08-06T16:00,26.4,20,0.6,0,17,-59
R-1020,2026-08-06T17:00,42.0,35,0.5,1,4,-42
R-1020,2026-08-06T18:00,54.9,21,0.4,1,13,-57
R-1020,2026-08-06T19:00,49.5,26,0.4,1,9,-54
R-1020,2026-08-06T20:00,56.0,19,0.8,0,4,-41
R-1020,2026-08-06T21:00,43.9,44,0.4,0,3,-50
R-1020,2026-08-06T22:00,70.0,36,1.0,1,9,-47
R-1020,2026-08-06T23:00,41.4,35,0.9,0,18,-44
R-1021,2026-08-06T00:00,74.5,19,0.1,1,7,-57
R-1021,2026-08-06T01:00,78.5,22,0.1,1,4,-41
R-1021,2026-08-06T02:00,48.9,19,0.8,1,12,-60
R-1021,2026-08-06T03:00,29.8,45,0.4,1,10,-46
R-1021,2026-08-06T04:00,50.2,10,0.8,1,5,-49
R-1021,2026-08-06T05:00,33.2,16,0.9,0,11,-45
R-1021,2026-08-06T06:00,73.4,36,0.3,1,17,-61
R-1021,2026-08-06T07:00,34.5,35,0.1,1,3,-50
R-1021,2026-08-06T08:00,73.9,31,0.7,0,17,-54
R-1021,2026-08-06T09:00,74.3,11,0.3,1,11,-54
R-1021,2026-08-06T10:00,71.4,16,1.0,0,6,-53
R-1021,2026-08-06T11:00,78.6,38,0.8,1,10,-49
R-1021,2026-08-06T12:00,58.3,15,0.2,0,15,-47
R-1021,2026-08-06T13:00,66.8,33,0.8,0,4,-53
R-1021,2026-08-06T14:00,64.0,35,0.1,0,7,-56
R-1021,2026-08-06T15:00,73.1,22,0.8,0,3,-48
R-1021,2026-08-06T16:00,27.8,33,0.7,1,13,-48
R-1021,2026-08-06T17:00,52.8,17,0.7,0,13,-47
R-1021,2026-08-06T18:00,57.7,21,1.0,1,13,-51
R-1021,2026-08-06T19:00,34.0,26,0.7,0,11,-62
R-1021,2026-08-06T20:00,46.3,20,0.9,0,9,-42
R-1021,2026-08-06T21:00,37.4,23,0.3,1,18,-62
R-1021,2026-08-06T22:00,72.6,10,0.5,0,7,-43
R-1021,2026-08-06T23:00,69.0,24,0.3,1,10,-49
R-1022,2026-08-06T00:00,74.3,32,0.5,0,16,-53
R-1022,2026-08-06T01:00,62.2,35,0.6,0,18,-41
R-1022,2026-08-06T02:00,78.2,33,0.6,1,11,-41
R-1022,2026-08-06T03:00,30.9,14,0.3,1,12,-54
R-1022,2026-08-06T04:00,39.4,29,0.2,0,3,-43
R-1022,2026-08-06T05:00,47.2,30,0.7,0,17,-53
R-1022,2026-08-06T06:00,39.3,36,0.4,0,8,-52
R-1022,2026-08-06T07:00,65.0,24,0.7,1,13,-46
R-1022,2026-08-06T08:00,41.5,20,0.8,0,11,-59
R-1022,2026-08-06T09:00,50.9,26,0.7,0,12,-42
R-1022,2026-08-06T10:00,29.9,32,0.2,1,15,-52
R-1022,2026-08-06T11:00,45.4,28,0.5,0,17,-61
R-1022,2026-08-06T12:00,72.7,14,0.5,0,18,-59
R-1022,2026-08-06T13:00,72.7,34,0.5,1,3,-58
R-1022,2026-08-06T14:00,32.6,22,0.3,1,6,-52
R-1022,2026-08-06T15:00,72.4,21,0.8,1,12,-42
R-1022,2026-08-06T16:00,79.3,30,0.6,0,16,-54
R-1022,2026-08-06T17:00,36.5,20,0.6,0,17,-60
R-1022,2026-08-06T18:00,32.1,37,0.6,1,15,-47
R-1022,2026-08-06T19:00,46.1,12,0.5,1,2,-52
R-1022,2026-08-06T20:00,66.6,43,0.2,0,9,-55
R-1022,2026-08-06T21:00,63.1,32,0.3,0,14,-46
R-1022,2026-08-06T22:00,57.4,20,0.1,0,11,-53
R-1022,2026-08-06T23:00,50.1,43,0.6,1,15,-41
R-1023,2026-08-06T00:00,79.8,31,1.0,1,13,-56
R-1023,2026-08-06T01:00,34.1,35,0.0,0,6,-56
R-1023,2026-08-06T02:00,65.4,42,0.2,1,3,-50
R-1023,2026-08-06T03:00,73.2,26,0.8,0,3,-41
R-1023,2026-08-06T04:00,30.9,11,0.0,0,15,-48
R-1023,2026-08-06T05:00,45.9,45,0.3,0,8,-40
R-1023,2026-08-06T06:00,62.7,10,0.3,0,18,-54
R-1023,2026-08-06T07:00,59.3,18,0.4,0,18,-43
R-1023,2026-08-06T08:00,31.5,17,0.8,1,8,-43
R-1023,2026-08-06T09:00,36.0,26,0.8,0,13,-40
R-1023,2026-08-06T10:00,47.5,20,0.0,1,8,-40
R-1023,2026-08-06T11:00,76.3,31,0.2,0,4,-59
R-1023,2026-08-06T12:00,70.9,41,0.1,0,18,-60
R-1023,2026-08-06T13:00,64.8,16,0.9,0,16,-53
R-1023,2026-08-06T14:00,39.5,13,0.1,0,3,-53
R-1023,2026-08-06T15:00,44.8,30,0.4,0,5,-61
R-1023,2026-08-06T16:00,25.5,18,0.7,0,12,-51
R-1023,2026-08-06T17:00,74.2,27,0.9,0,13,-52
R-1023,2026-08-06T18:00,35.1,35,0.4,1,10,-50
R-1023,2026-08-06T19:00,62.9,40,0.8,0,5,-58
R-1023,2026-08-06T20:00,63.3,13,1.0,0,5,-49
R-1023,2026-08-06T21:00,75.1,40,0.8,1,7,-43
R-1023,2026-08-06T22:00,45.9,32,0.6,0,17,-47
R-1023,2026-08-06T23:00,31.2,36,0.4,0,10,-42
R-1024,2026-08-06T00:00,42.3,43,0.8,0,12,-46
R-1024,2026-08-06T01:00,53.8,16,0.4,0,17,-51
R-1024,2026-08-06T02:00,61.5,34,0.1,0,2,-42
R-1024,2026-08-06T03:00,76.4,42,0.8,1,7,-60
R-1024,2026-08-06T04:00,66.3,30,0.2,1,3,-46
R-1024,2026-08-06T05:00,37.2,34,0.4,0,4,-48
R-1024,2026-08-06T06:00,49.4,38,0.1,1,16,-52
R-1024,2026-08-06T07:00,31.5,41,0.7,0,5,-50
R-1024,2026-08-06T08:00,47.7,45,0.5,0,11,-46
R-1024,2026-08-06T09:00,55.9,39,1.0,1,3,-55
R-1024,2026-08-06T10:00,71.4,31,0.6,1,13,-40
R-1024,2026-08-06T11:00,49.9,16,0.8,0,2,-52
R-1024,2026-08-06T12:00,44.5,28,0.5,1,5,-61
R-1024,2026-08-06T13:00,74.3,41,0.1,1,5,-54
R-1024,2026-08-06T14:00,58.6,22,0.1,1,8,-48
R-1024,2026-08-06T15:00,70.4,22,0.7,0,15,-61
R-1024,2026-08-06T16:00,76.0,17,0.8,1,16,-41
R-1024,2026-08-06T17:00,57.4,42,0.1,1,2,-46
R-1024,2026-08-06T18:00,65.5,45,0.9,1,18,-57
R-1024,2026-08-06T19:00,63.0,21,0.7,0,5,-50
R-1024,2026-08-06T20:00,61.2,30,0.5,1,15,-43
R-1024,2026-08-06T21:00,75.4,25,0.3,1,11,-48
R-1024,2026-08-06T22:00,69.3,18,0.4,1,12,-40
R-1024,2026-08-06T23:00,65.5,45,0.6,0,8,-43
R-1025,2026-08-06T00:00,64.3,32,0.9,0,7,-46
R-1025,2026-08-06T01:00,54.8,30,0.7,1,17,-44
R-1025,2026-08-06T02:00,56.4,36,0.7,1,15,-62
R-1025,2026-08-06T03:00,53.8,11,0.4,0,3,-56
R-1025,2026-08-06T04:00,39.7,20,1.0,1,6,-61
R-1025,2026-08-06T05:00,63.0,28,0.2,0,13,-48
R-1025,2026-08-06T06:00,30.6,45,0.9,1,9,-46
R-1025,2026-08-06T07:00,68.1,28,0.7,0,14,-50
R-1025,2026-08-06T08:00,47.9,30,1.0,0,2,-54
R-1025,2026-08-06T09:00,36.2,38,0.8,1,8,-56
R-1025,2026-08-06T10:00,41.2,21,1.0,0,7,-57
R-1025,2026-08-06T11:00,65.4,17,0.4,1,10,-45
R-1025,2026-08-06T12:00,39.5,20,0.6,1,2,-52
R-1025,2026-08-06T13:00,50.6,19,0.0,1,3,-42
R-1025,2026-08-06T14:00,58.9,29,0.5,1,4,-40
R-1025,2026-08-06T15:00,42.5,24,1.0,0,18,-57
R-1025,2026-08-06T16:00,47.9,44,0.4,1,9,-56
R-1025,2026-08-06T17:00,61.5,31,0.4,0,18,-47
R-1025,2026-08-06T18:00,79.8,10,0.1,1,16,-55
R-1025,2026-08-06T19:00,74.7,25,1.0,1,14,-59
R-1025,2026-08-06T20:00,46.2,44,0.7,0,18,-51
R-1025,2026-08-06T21:00,53.3,42,0.4,0,11,-42
R-1025,2026-08-06T22:00,35.6,42,0.1,0,7,-45
R-1025,2026-08-06T23:00,54.3,14,0.2,0,15,-59
R-1026,2026-08-06T00:00,10.5,115,2.9,1,9,-78
R-1026,2026-08-06T01:00,13.5,102,1.1,1,6,-76
R-1026,2026-08-06T02:00,17.5,131,1.2,2,13,-72
R-1026,2026-08-06T03:00,12.7,140,2.2,3,5,-72
R-1026,2026-08-06T04:00,16.1,128,1.0,1,6,-67
R-1026,2026-08-06T05:00,18.2,105,3.8,1,14,-66
R-1026,2026-08-06T06:00,16.2,137,1.3,4,17,-72
R-1026,2026-08-06T07:00,17.9,63,2.4,2,9,-67
R-1026,2026-08-06T08:00,12.7,129,1.9,2,14,-68
R-1026,2026-08-06T09:00,18.6,107,3.9,1,9,-77
R-1026,2026-08-06T10:00,8.5,133,2.8,1,14,-75
R-1026,2026-08-06T11:00,17.0,104,1.6,2,10,-76
R-1026,2026-08-06T12:00,10.6,92,1.6,2,6,-65
R-1026,2026-08-06T13:00,17.0,130,2.4,1,14,-68
R-1026,2026-08-06T14:00,8.8,72,1.6,4,15,-73
R-1026,2026-08-06T15:00,9.5,90,1.3,1,11,-73
R-1026,2026-08-06T16:00,13.8,102,2.8,3,9,-69
R-1026,2026-08-06T17:00,14.8,100,3.9,2,5,-73
R-1026,2026-08-06T18:00,3.0,178,7.6,11,38,-72
R-1026,2026-08-06T19:00,3.4,236,7.7,12,44,-78
R-1026,2026-08-06T20:00,3.4,189,6.4,6,35,-75
R-1026,2026-08-06T21:00,4.4,257,5.4,7,47,-82
R-1026,2026-08-06T22:00,3.1,230,4.4,6,30,-72
R-1026,2026-08-06T23:00,4.0,153,8.1,11,48,-82
R-1027,2026-08-06T00:00,74.8,45,0.3,1,6,-51
R-1027,2026-08-06T01:00,46.6,28,0.1,0,14,-51
R-1027,2026-08-06T02:00,52.6,25,0.8,0,18,-58
R-1027,2026-08-06T03:00,49.5,21,0.6,0,17,-51
R-1027,2026-08-06T04:00,27.2,41,0.2,1,13,-55
R-1027,2026-08-06T05:00,27.4,23,0.5,1,14,-47
R-1027,2026-08-06T06:00,75.5,12,0.0,1,5,-40
R-1027,2026-08-06T07:00,78.3,27,0.8,1,7,-50
R-1027,2026-08-06T08:00,61.0,33,0.6,0,18,-54
R-1027,2026-08-06T09:00,45.7,24,0.5,1,13,-47
R-1027,2026-08-06T10:00,68.6,10,0.5,0,16,-57
R-1027,2026-08-06T11:00,37.6,42,0.6,0,6,-57
R-1027,2026-08-06T12:00,33.7,17,0.7,1,12,-59
R-1027,2026-08-06T13:00,51.5,40,0.5,0,15,-62
R-1027,2026-08-06T14:00,38.4,18,0.6,0,6,-42
R-1027,2026-08-06T15:00,53.2,19,0.1,1,7,-46
R-1027,2026-08-06T16:00,77.7,11,0.9,1,4,-56
R-1027,2026-08-06T17:00,49.7,40,0.9,0,9,-49
R-1027,2026-08-06T18:00,58.0,21,0.6,1,7,-41
R-1027,2026-08-06T19:00,43.8,39,0.6,0,9,-50
R-1027,2026-08-06T20:00,46.2,16,0.0,1,6,-43
R-1027,2026-08-06T21:00,30.3,40,0.9,0,18,-59
R-1027,2026-08-06T22:00,30.1,18,0.9,0,15,-46
R-1027,2026-08-06T23:00,48.1,12,0.7,1,9,-47
R-1028,2026-08-06T00:00,68.4,34,0.4,0,15,-58
R-1028,2026-08-06T01:00,39.0,24,0.9,0,11,-43
R-1028,2026-08-06T02:00,73.2,36,0.3,0,2,-44
R-1028,2026-08-06T03:00,53.7,43,0.0,0,12,-49
R-1028,2026-08-06T04:00,44.9,19,0.4,1,10,-45
R-1028,2026-08-06T05:00,48.3,33,0.6,1,8,-49
R-1028,2026-08-06T06:00,55.4,45,0.5,1,17,-54
R-1028,2026-08-06T07:00,79.4,32,0.8,1,6,-41
R-1028,2026-08-06T08:00,31.5,24,0.4,0,5,-56
R-1028,2026-08-06T09:00,53.0,31,0.8,0,7,-50
R-1028,2026-08-06T10:00,78.1,10,0.8,0,17,-43
R-1028,2026-08-06T11:00,48.9,14,0.3,1,4,-43
R-1028,2026-08-06T12:00,27.1,34,0.9,1,18,-53
R-1028,2026-08-06T13:00,64.1,13,0.9,0,17,-48
R-1028,2026-08-06T14:00,25.6,43,0.3,0,18,-46
R-1028,2026-08-06T15:00,63.4,20,0.7,1,9,-42
R-1028,2026-08-06T16:00,25.0,20,0.1,1,14,-51
R-1028,2026-08-06T17:00,61.8,35,0.6,0,4,-60
R-1028,2026-08-06T18:00,55.2,45,0.9,1,13,-54
R-1028,2026-08-06T19:00,37.4,22,0.5,1,2,-54
R-1028,2026-08-06T20:00,34.6,42,0.1,0,18,-53
R-1028,2026-08-06T21:00,43.7,17,0.8,1,10,-40
R-1028,2026-08-06T22:00,49.4,34,0.6,0,12,-48
R-1028,2026-08-06T23:00,62.5,11,0.5,1,4,-50
R-1029,2026-08-06T00:00,59.9,24,0.7,0,12,-49
R-1029,2026-08-06T01:00,77.5,43,0.5,1,9,-53
R-1029,2026-08-06T02:00,30.1,31,0.1,0,17,-52
R-1029,2026-08-06T03:00,44.4,27,0.2,0,17,-56
R-1029,2026-08-06T04:00,37.9,25,0.9,0,9,-56
R-1029,2026-08-06T05:00,70.9,32,0.2,0,5,-60
R-1029,2026-08-06T06:00,62.2,41,0.6,0,17,-51
R-1029,2026-08-06T07:00,59.1,41,0.9,1,17,-57
R-1029,2026-08-06T08:00,79.1,42,0.3,0,6,-61
R-1029,2026-08-06T09:00,53.9,37,0.5,0,18,-51
R-1029,2026-08-06T10:00,46.7,21,0.5,0,18,-48
R-1029,2026-08-06T11:00,42.4,10,0.0,0,14,-44
R-1029,2026-08-06T12:00,30.5,33,0.6,1,7,-45
R-1029,2026-08-06T13:00,39.5,27,0.5,1,13,-57
R-1029,2026-08-06T14:00,52.4,23,0.4,1,13,-50
R-1029,2026-08-06T15:00,40.4,21,0.6,0,5,-54
R-1029,2026-08-06T16:00,69.2,45,0.4,1,8,-58
R-1029,2026-08-06T17:00,69.0,19,0.5,0,7,-49
R-1029,2026-08-06T18:00,52.5,43,0.5,1,17,-53
R-1029,2026-08-06T19:00,38.8,13,0.4,0,3,-56
R-1029,2026-08-06T20:00,69.8,40,0.8,0,16,-52
R-1029,2026-08-06T21:00,39.3,33,0.6,1,13,-62
R-1029,2026-08-06T22:00,47.6,32,0.9,0,7,-53
R-1029,2026-08-06T23:00,44.5,42,0.5,1,4,-50
R-1030,2026-08-06T00:00,58.8,39,0.6,0,7,-42
R-1030,2026-08-06T01:00,69.4,31,0.4,1,4,-60
R-1030,2026-08-06T02:00,33.9,24,0.3,1,10,-43
R-1030,2026-08-06T03:00,60.5,27,0.9,1,18,-48
R-1030,2026-08-06T04:00,47.8,21,0.9,0,9,-41
R-1030,2026-08-06T05:00,38.8,15,0.2,1,5,-59
R-1030,2026-08-06T06:00,28.5,40,0.5,0,14,-46
R-1030,2026-08-06T07:00,67.1,15,0.1,0,4,-42
R-1030,2026-08-06T08:00,76.2,34,0.3,0,11,-48
R-1030,2026-08-06T09:00,59.5,18,0.5,0,2,-61
R-1030,2026-08-06T10:00,61.5,30,0.9,1,10,-45
R-1030,2026-08-06T11:00,49.5,44,0.2,1,15,-46
R-1030,2026-08-06T12:00,60.2,44,0.3,1,17,-45
R-1030,2026-08-06T13:00,37.5,15,0.4,1,15,-54
R-1030,2026-08-06T14:00,33.6,10,0.0,0,13,-53
R-1030,2026-08-06T15:00,50.8,10,0.7,1,17,-53
R-1030,2026-08-06T16:00,25.5,37,0.8,0,2,-45
R-1030,2026-08-06T17:00,45.6,36,0.9,1,14,-55
R-1030,2026-08-06T18:00,34.0,34,0.8,0,10,-60
R-1030,2026-08-06T19:00,48.2,25,0.5,1,11,-42
R-1030,2026-08-06T20:00,65.9,27,0.4,0,7,-58
R-1030,2026-08-06T21:00,40.9,39,0.6,1,17,-56
R-1030,2026-08-06T22:00,42.6,19,0.0,0,7,-59
R-1030,2026-08-06T23:00,40.5,18,0.7,0,9,-60
R-1031,2026-08-06T00:00,33.3,41,0.2,1,11,-47
R-1031,2026-08-06T01:00,79.9,39,0.7,0,12,-60
R-1031,2026-08-06T02:00,71.4,19,0.1,1,4,-45
R-1031,2026-08-06T03:00,50.9,22,0.9,1,14,-62
R-1031,2026-08-06T04:00,31.7,25,0.4,1,9,-61
R-1031,2026-08-06T05:00,36.0,16,0.5,0,17,-50
R-1031,2026-08-06T06:00,62.5,29,0.9,0,3,-45
R-1031,2026-08-06T07:00,53.7,26,0.5,1,8,-51
R-1031,2026-08-06T08:00,73.8,23,1.0,0,15,-52
R-1031,2026-08-06T09:00,25.8,27,0.6,1,9,-62
R-1031,2026-08-06T10:00,78.3,40,0.7,0,13,-60
R-1031,2026-08-06T11:00,38.7,41,0.1,1,3,-61
R-1031,2026-08-06T12:00,44.6,19,0.7,0,6,-47
R-1031,2026-08-06T13:00,37.8,45,0.8,1,16,-56
R-1031,2026-08-06T14:00,26.2,34,0.4,0,10,-61
R-1031,2026-08-06T15:00,51.7,38,0.6,1,8,-44
R-1031,2026-08-06T16:00,35.3,32,0.3,1,10,-43
R-1031,2026-08-06T17:00,75.3,45,0.2,0,16,-53
R-1031,2026-08-06T18:00,70.1,44,0.4,0,18,-50
R-1031,2026-08-06T19:00,65.4,11,0.6,1,9,-52
R-1031,2026-08-06T20:00,64.7,44,0.8,0,18,-41
R-1031,2026-08-06T21:00,52.4,45,0.2,1,12,-49
R-1031,2026-08-06T22:00,60.2,17,0.1,0,3,-58
R-1031,2026-08-06T23:00,34.8,12,0.2,1,8,-59
R-1032,2026-08-06T00:00,26.7,34,0.7,1,3,-51
R-1032,2026-08-06T01:00,37.1,14,0.0,0,17,-60
R-1032,2026-08-06T02:00,50.7,13,0.4,1,13,-40
R-1032,2026-08-06T03:00,28.2,27,0.5,0,11,-60
R-1032,2026-08-06T04:00,77.0,43,0.1,0,14,-56
R-1032,2026-08-06T05:00,35.6,25,0.6,0,15,-59
R-1032,2026-08-06T06:00,67.1,32,0.7,1,5,-57
R-1032,2026-08-06T07:00,68.6,45,0.4,1,7,-45
R-1032,2026-08-06T08:00,79.9,38,0.9,1,12,-51
R-1032,2026-08-06T09:00,47.7,37,0.8,1,9,-44
R-1032,2026-08-06T10:00,55.0,34,0.8,1,13,-48
R-1032,2026-08-06T11:00,49.6,35,0.0,0,11,-43
R-1032,2026-08-06T12:00,25.9,18,1.0,1,2,-53
R-1032,2026-08-06T13:00,79.1,23,0.9,0,10,-45
R-1032,2026-08-06T14:00,53.1,19,0.1,1,13,-58
R-1032,2026-08-06T15:00,32.6,33,0.9,0,9,-54
R-1032,2026-08-06T16:00,69.6,15,0.6,0,4,-52
R-1032,2026-08-06T17:00,68.6,21,0.5,0,11,-61
R-1032,2026-08-06T18:00,65.2,34,0.1,0,12,-51
R-1032,2026-08-06T19:00,73.4,37,0.4,0,9,-42
R-1032,2026-08-06T20:00,71.7,10,0.6,1,3,-53
R-1032,2026-08-06T21:00,53.8,30,0.5,0,12,-46
R-1032,2026-08-06T22:00,63.4,19,0.1,1,16,-43
R-1032,2026-08-06T23:00,56.6,15,0.2,1,14,-58
R-1033,2026-08-06T00:00,32.3,15,0.5,0,14,-54
R-1033,2026-08-06T01:00,29.7,42,0.4,0,6,-47
R-1033,2026-08-06T02:00,55.8,41,0.4,0,18,-55
R-1033,2026-08-06T03:00,38.3,27,0.8,1,4,-59
R-1033,2026-08-06T04:00,61.9,37,0.4,0,12,-51
R-1033,2026-08-06T05:00,57.7,11,0.8,0,13,-43
R-1033,2026-08-06T06:00,70.2,38,0.6,1,3,-55
R-1033,2026-08-06T07:00,36.0,33,0.2,0,5,-61
R-1033,2026-08-06T08:00,38.4,19,0.9,1,2,-52
R-1033,2026-08-06T09:00,63.2,17,0.3,1,2,-52
R-1033,2026-08-06T10:00,36.5,44,0.2,1,17,-43
R-1033,2026-08-06T11:00,65.1,19,0.7,0,14,-44
R-1033,2026-08-06T12:00,74.8,43,0.0,0,3,-53
R-1033,2026-08-06T13:00,36.0,27,0.1,0,4,-50
R-1033,2026-08-06T14:00,61.3,33,0.9,0,11,-42
R-1033,2026-08-06T15:00,46.3,34,0.5,0,12,-47
R-1033,2026-08-06T16:00,72.7,44,0.1,0,18,-48
R-1033,2026-08-06T17:00,55.8,11,0.0,1,12,-47
R-1033,2026-08-06T18:00,46.6,20,0.0,1,13,-42
R-1033,2026-08-06T19:00,41.6,42,0.3,0,10,-50
R-1033,2026-08-06T20:00,74.0,11,0.9,1,9,-58
R-1033,2026-08-06T21:00,43.8,35,0.7,0,14,-46
R-1033,2026-08-06T22:00,77.8,24,0.4,0,15,-53
R-1033,2026-08-06T23:00,75.0,31,0.4,0,8,-42
R-1034,2026-08-06T00:00,9.7,129,3.1,2,9,-74
R-1034,2026-08-06T01:00,16.3,127,3.7,4,9,-68
R-1034,2026-08-06T02:00,19.2,80,2.0,1,10,-73
R-1034,2026-08-06T03:00,18.1,78,3.2,3,18,-72
R-1034,2026-08-06T04:00,11.6,95,1.5,2,8,-76
R-1034,2026-08-06T05:00,10.2,138,2.9,2,12,-75
R-1034,2026-08-06T06:00,16.2,105,1.2,4,9,-70
R-1034,2026-08-06T07:00,18.2,120,3.1,3,10,-65
R-1034,2026-08-06T08:00,12.6,120,1.4,2,12,-78
R-1034,2026-08-06T09:00,12.9,61,3.8,4,12,-67
R-1034,2026-08-06T10:00,16.1,85,3.3,1,10,-71
R-1034,2026-08-06T11:00,18.4,122,3.1,4,12,-72
R-1034,2026-08-06T12:00,12.9,65,2.8,4,15,-72
R-1034,2026-08-06T13:00,15.3,133,2.8,1,8,-71
R-1034,2026-08-06T14:00,13.5,65,3.6,2,17,-67
R-1034,2026-08-06T15:00,8.5,109,2.5,1,11,-74
R-1034,2026-08-06T16:00,13.3,98,3.3,3,19,-76
R-1034,2026-08-06T17:00,13.1,138,3.8,2,19,-65
R-1034,2026-08-06T18:00,4.6,161,7.6,6,35,-73
R-1034,2026-08-06T19:00,4.3,239,6.7,11,43,-80
R-1034,2026-08-06T20:00,3.8,172,6.3,8,44,-84
R-1034,2026-08-06T21:00,3.0,238,7.2,7,33,-84
R-1034,2026-08-06T22:00,2.5,207,7.2,6,46,-74
R-1034,2026-08-06T23:00,3.5,251,8.9,7,42,-77
R-1035,2026-08-06T00:00,45.9,20,0.9,0,7,-58
R-1035,2026-08-06T01:00,34.8,13,0.4,1,16,-53
R-1035,2026-08-06T02:00,59.5,17,0.9,0,2,-43
R-1035,2026-08-06T03:00,67.1,10,0.5,1,2,-43
R-1035,2026-08-06T04:00,73.5,25,0.2,1,16,-49
R-1035,2026-08-06T05:00,49.3,10,0.2,1,8,-61
R-1035,2026-08-06T06:00,35.2,13,0.7,0,6,-61
R-1035,2026-08-06T07:00,61.7,29,0.3,0,3,-59
R-1035,2026-08-06T08:00,47.9,21,0.2,1,7,-48
R-1035,2026-08-06T09:00,66.2,33,0.9,0,11,-52
R-1035,2026-08-06T10:00,45.3,34,0.8,1,4,-53
R-1035,2026-08-06T11:00,50.9,17,0.7,1,12,-46
R-1035,2026-08-06T12:00,47.8,23,0.7,0,5,-44
R-1035,2026-08-06T13:00,65.1,43,1.0,1,11,-49
R-1035,2026-08-06T14:00,58.5,30,0.3,1,6,-43
R-1035,2026-08-06T15:00,55.9,43,0.7,1,17,-57
R-1035,2026-08-06T16:00,73.6,24,0.7,0,2,-59
R-1035,2026-08-06T17:00,26.3,17,0.7,0,15,-49
R-1035,2026-08-06T18:00,27.5,32,0.6,0,2,-42
R-1035,2026-08-06T19:00,36.1,28,0.3,0,11,-53
R-1035,2026-08-06T20:00,52.9,30,0.8,0,12,-52
R-1035,2026-08-06T21:00,46.8,11,0.8,0,12,-52
R-1035,2026-08-06T22:00,75.7,40,0.9,0,6,-47
R-1035,2026-08-06T23:00,33.5,39,0.9,1,16,-49
R-1036,2026-08-06T00:00,76.0,13,0.8,1,12,-45
R-1036,2026-08-06T01:00,54.5,23,0.6,1,13,-60
R-1036,2026-08-06T02:00,78.3,27,0.8,1,14,-42
R-1036,2026-08-06T03:00,54.4,20,0.6,1,7,-43
R-1036,2026-08-06T04:00,31.4,29,0.7,1,3,-54
R-1036,2026-08-06T05:00,47.8,41,0.9,1,16,-53
R-1036,2026-08-06T06:00,36.9,29,0.2,1,3,-56
R-1036,2026-08-06T07:00,75.2,38,0.5,1,18,-58
R-1036,2026-08-06T08:00,35.5,40,0.7,1,12,-58
R-1036,2026-08-06T09:00,67.3,16,0.8,0,8,-61
R-1036,2026-08-06T10:00,50.3,43,0.1,1,3,-41
R-1036,2026-08-06T11:00,71.6,15,0.3,0,5,-46
R-1036,2026-08-06T12:00,67.1,29,0.0,1,8,-52
R-1036,2026-08-06T13:00,36.0,28,0.3,1,16,-41
R-1036,2026-08-06T14:00,31.5,19,0.2,0,2,-43
R-1036,2026-08-06T15:00,55.8,16,0.2,1,12,-54
R-1036,2026-08-06T16:00,32.8,28,0.6,0,4,-53
R-1036,2026-08-06T17:00,58.7,31,0.5,0,6,-62
R-1036,2026-08-06T18:00,50.9,13,0.1,0,4,-49
R-1036,2026-08-06T19:00,46.6,38,0.6,1,12,-56
R-1036,2026-08-06T20:00,64.2,44,0.1,1,6,-60
R-1036,2026-08-06T21:00,69.7,39,0.1,1,16,-47
R-1036,2026-08-06T22:00,37.7,24,0.1,1,13,-50
R-1036,2026-08-06T23:00,35.1,31,0.8,1,16,-47
R-1037,2026-08-06T00:00,26.7,40,0.1,1,16,-57
R-1037,2026-08-06T01:00,40.5,32,0.6,0,18,-59
R-1037,2026-08-06T02:00,47.3,16,0.3,0,11,-45
R-1037,2026-08-06T03:00,50.4,36,0.2,0,7,-47
R-1037,2026-08-06T04:00,46.1,31,0.2,1,15,-44
R-1037,2026-08-06T05:00,68.3,44,0.7,0,4,-40
R-1037,2026-08-06T06:00,56.6,41,0.1,1,12,-45
R-1037,2026-08-06T07:00,30.4,38,0.2,1,4,-43
R-1037,2026-08-06T08:00,31.0,34,0.3,0,4,-56
R-1037,2026-08-06T09:00,69.9,10,0.8,0,16,-45
R-1037,2026-08-06T10:00,41.0,38,0.2,1,11,-44
R-1037,2026-08-06T11:00,68.7,29,0.9,1,13,-60
R-1037,2026-08-06T12:00,57.0,42,0.4,0,11,-61
R-1037,2026-08-06T13:00,45.3,45,1.0,0,13,-59
R-1037,2026-08-06T14:00,72.4,11,0.2,1,12,-40
R-1037,2026-08-06T15:00,46.1,34,0.4,0,7,-47
R-1037,2026-08-06T16:00,32.6,45,0.4,1,15,-58
R-1037,2026-08-06T17:00,40.9,18,0.1,0,2,-58
R-1037,2026-08-06T18:00,64.7,41,0.7,0,4,-58
R-1037,2026-08-06T19:00,60.3,36,0.9,1,7,-48
R-1037,2026-08-06T20:00,53.0,45,0.8,1,13,-55
R-1037,2026-08-06T21:00,35.2,10,0.6,0,18,-54
R-1037,2026-08-06T22:00,47.6,44,0.6,0,3,-44
R-1037,2026-08-06T23:00,51.6,33,0.1,1,4,-58
R-1038,2026-08-06T00:00,65.2,43,1.0,1,16,-46
R-1038,2026-08-06T01:00,29.3,15,0.2,0,11,-43
R-1038,2026-08-06T02:00,27.9,31,0.5,0,17,-48
R-1038,2026-08-06T03:00,53.2,40,0.6,1,15,-51
R-1038,2026-08-06T04:00,77.8,28,0.3,0,11,-44
R-1038,2026-08-06T05:00,39.3,40,0.6,0,11,-43
R-1038,2026-08-06T06:00,26.5,41,0.1,0,10,-54
R-1038,2026-08-06T07:00,32.3,27,0.3,1,2,-59
R-1038,2026-08-06T08:00,58.2,19,0.7,1,7,-54
R-1038,2026-08-06T09:00,68.0,25,0.5,0,12,-60
R-1038,2026-08-06T10:00,78.2,19,0.8,1,14,-55
R-1038,2026-08-06T11:00,61.3,20,0.2,1,3,-42
R-1038,2026-08-06T12:00,39.5,17,0.1,1,14,-47
R-1038,2026-08-06T13:00,41.6,44,0.2,1,17,-54
R-1038,2026-08-06T14:00,33.0,37,0.0,1,14,-41
R-1038,2026-08-06T15:00,42.4,43,0.7,0,5,-45
R-1038,2026-08-06T16:00,60.1,37,0.6,1,12,-54
R-1038,2026-08-06T17:00,39.7,16,0.3,1,16,-41
R-1038,2026-08-06T18:00,66.2,22,0.5,0,12,-45
R-1038,2026-08-06T19:00,25.6,10,0.8,0,15,-59
R-1038,2026-08-06T20:00,53.9,38,0.4,1,10,-56
R-1038,2026-08-06T21:00,26.9,15,0.1,0,5,-40
R-1038,2026-08-06T22:00,77.7,15,0.9,0,14,-41
R-1038,2026-08-06T23:00,67.0,21,0.9,0,10,-53
R-1039,2026-08-06T00:00,50.7,14,0.6,1,15,-40
R-1039,2026-08-06T01:00,74.7,30,0.3,0,10,-61
R-1039,2026-08-06T02:00,46.1,31,1.0,1,10,-57
R-1039,2026-08-06T03:00,49.2,41,1.0,0,14,-57
R-1039,2026-08-06T04:00,60.5,16,0.1,1,8,-43
R-1039,2026-08-06T05:00,60.4,38,0.7,0,3,-60
R-1039,2026-08-06T06:00,28.9,26,0.8,0,17,-58
R-1039,2026-08-06T07:00,60.9,10,0.9,1,10,-58
R-1039,2026-08-06T08:00,63.5,35,0.6,1,17,-49
R-1039,2026-08-06T09:00,47.2,14,0.5,0,14,-40
R-1039,2026-08-06T10:00,70.0,40,0.1,1,12,-41
R-1039,2026-08-06T11:00,41.7,13,0.6,0,13,-45
R-1039,2026-08-06T12:00,71.9,31,0.1,1,11,-42
R-1039,2026-08-06T13:00,36.2,45,0.0,1,8,-53
R-1039,2026-08-06T14:00,63.3,16,0.6,1,17,-60
R-1039,2026-08-06T15:00,73.7,38,0.7,0,3,-56
R-1039,2026-08-06T16:00,26.4,25,0.5,0,11,-47
R-1039,2026-08-06T17:00,54.4,38,1.0,0,3,-52
R-1039,2026-08-06T18:00,28.1,12,0.4,0,18,-48
R-1039,2026-08-06T19:00,76.7,44,0.1,0,4,-61
R-1039,2026-08-06T20:00,65.5,41,0.7,1,3,-55
R-1039,2026-08-06T21:00,63.6,18,0.0,0,11,-59
R-1039,2026-08-06T22:00,50.1,20,0.8,0,5,-59
R-1039,2026-08-06T23:00,52.3,24,0.1,0,15,-52
R-1040,2026-08-06T00:00,69.6,35,0.3,0,12,-56
R-1040,2026-08-06T01:00,67.0,21,0.3,0,10,-58
R-1040,2026-08-06T02:00,66.7,20,0.7,0,16,-55
R-1040,2026-08-06T03:00,75.9,12,0.1,1,7,-62
R-1040,2026-08-06T04:00,73.4,15,0.0,0,4,-40
R-1040,2026-08-06T05:00,60.8,28,0.4,1,6,-56
R-1040,2026-08-06T06:00,32.9,27,0.5,1,9,-57
R-1040,2026-08-06T07:00,58.6,12,0.6,1,4,-42
R-1040,2026-08-06T08:00,70.5,29,0.3,0,9,-56
R-1040,2026-08-06T09:00,31.5,43,1.0,1,18,-55
R-1040,2026-08-06T10:00,50.5,23,0.3,0,5,-58
R-1040,2026-08-06T11:00,62.7,40,0.5,0,3,-61
R-1040,2026-08-06T12:00,60.5,28,0.2,1,12,-43
R-1040,2026-08-06T13:00,69.3,39,0.0,0,7,-57
R-1040,2026-08-06T14:00,68.2,41,0.5,0,9,-48
R-1040,2026-08-06T15:00,57.6,30,0.4,1,9,-59
R-1040,2026-08-06T16:00,42.9,16,0.2,1,8,-50
R-1040,2026-08-06T17:00,74.0,14,0.5,1,3,-49
R-1040,2026-08-06T18:00,33.0,39,0.2,1,6,-48
R-1040,2026-08-06T19:00,64.6,32,1.0,0,12,-58
R-1040,2026-08-06T20:00,26.8,13,0.3,0,16,-48
R-1040,2026-08-06T21:00,48.0,31,0.2,1,7,-42
R-1040,2026-08-06T22:00,77.4,20,0.6,0,4,-49
R-1040,2026-08-06T23:00,72.1,41,0.9,0,17,-48
R-1041,2026-08-06T00:00,40.4,37,0.7,0,9,-52
R-1041,2026-08-06T01:00,48.9,24,0.9,0,2,-49
R-1041,2026-08-06T02:00,78.9,12,1.0,0,15,-46
R-1041,2026-08-06T03:00,46.7,16,0.5,0,4,-45
R-1041,2026-08-06T04:00,66.4,36,0.9,0,13,-53
R-1041,2026-08-06T05:00,38.1,15,0.0,1,7,-40
R-1041,2026-08-06T06:00,50.3,11,1.0,1,6,-40
R-1041,2026-08-06T07:00,47.3,33,0.6,0,4,-50
R-1041,2026-08-06T08:00,74.1,31,0.5,1,15,-54
R-1041,2026-08-06T09:00,63.4,44,0.6,0,4,-43
R-1041,2026-08-06T10:00,73.4,13,0.5,1,3,-59
R-1041,2026-08-06T11:00,46.1,39,0.6,1,13,-57
R-1041,2026-08-06T12:00,60.6,14,0.6,0,6,-52
R-1041,2026-08-06T13:00,38.1,17,0.6,0,9,-52
R-1041,2026-08-06T14:00,44.4,27,0.5,1,10,-61
R-1041,2026-08-06T15:00,28.5,32,0.5,0,17,-40
R-1041,2026-08-06T16:00,54.3,44,0.9,1,13,-41
R-1041,2026-08-06T17:00,77.0,14,0.2,1,4,-60
R-1041,2026-08-06T18:00,46.5,21,0.3,0,5,-57
R-1041,2026-08-06T19:00,40.2,19,0.5,0,18,-42
R-1041,2026-08-06T20:00,26.2,36,1.0,0,17,-51
R-1041,2026-08-06T21:00,48.1,11,0.3,0,2,-55
R-1041,2026-08-06T22:00,70.9,43,0.6,1,12,-42
R-1041,2026-08-06T23:00,60.5,30,0.5,1,16,-53
R-1042,2026-08-06T00:00,14.8,99,1.5,3,12,-71
R-1042,2026-08-06T01:00,12.5,96,3.3,1,9,-73
R-1042,2026-08-06T02:00,11.4,81,2.9,2,14,-76
R-1042,2026-08-06T03:00,19.7,79,1.5,1,6,-73
R-1042,2026-08-06T04:00,14.9,116,1.8,2,11,-70
R-1042,2026-08-06T05:00,16.5,100,3.9,2,16,-71
R-1042,2026-08-06T06:00,14.5,80,2.6,1,5,-72
R-1042,2026-08-06T07:00,19.2,78,3.8,3,9,-78
R-1042,2026-08-06T08:00,19.6,129,3.9,3,14,-71
R-1042,2026-08-06T09:00,18.8,133,3.0,4,15,-67
R-1042,2026-08-06T10:00,9.3,121,3.7,2,8,-74
R-1042,2026-08-06T11:00,8.3,139,3.5,4,16,-77
R-1042,2026-08-06T12:00,11.9,137,2.9,2,13,-75
R-1042,2026-08-06T13:00,8.3,128,3.5,1,17,-75
R-1042,2026-08-06T14:00,13.9,137,2.8,1,16,-72
R-1042,2026-08-06T15:00,9.8,114,2.1,3,5,-74
R-1042,2026-08-06T16:00,12.1,99,3.9,1,11,-67
R-1042,2026-08-06T17:00,18.7,113,3.4,3,10,-66
R-1042,2026-08-06T18:00,4.9,204,7.6,11,34,-72
R-1042,2026-08-06T19:00,4.3,161,4.7,9,45,-72
R-1042,2026-08-06T20:00,4.1,192,4.3,11,32,-85
R-1042,2026-08-06T21:00,3.6,184,6.1,12,48,-73
R-1042,2026-08-06T22:00,5.7,175,4.9,11,39,-77
R-1042,2026-08-06T23:00,4.0,255,8.1,9,45,-77
R-1043,2026-08-06T00:00,65.7,24,0.0,0,6,-54
R-1043,2026-08-06T01:00,41.5,40,0.1,1,15,-57
R-1043,2026-08-06T02:00,52.1,25,0.0,1,17,-60
R-1043,2026-08-06T03:00,57.9,33,0.6,1,10,-42
R-1043,2026-08-06T04:00,62.7,17,0.4,0,10,-57
R-1043,2026-08-06T05:00,57.0,19,0.3,0,13,-57
R-1043,2026-08-06T06:00,27.9,33,0.4,1,3,-53
R-1043,2026-08-06T07:00,41.0,14,0.5,0,5,-43
R-1043,2026-08-06T08:00,66.4,44,0.3,1,11,-54
R-1043,2026-08-06T09:00,62.7,33,0.1,1,6,-62
R-1043,2026-08-06T10:00,32.5,28,0.4,1,15,-52
R-1043,2026-08-06T11:00,75.6,20,0.1,0,18,-55
R-1043,2026-08-06T12:00,70.7,45,0.6,0,15,-48
R-1043,2026-08-06T13:00,75.4,17,0.8,0,17,-51
R-1043,2026-08-06T14:00,42.1,33,0.1,1,18,-52
R-1043,2026-08-06T15:00,34.5,29,0.0,0,9,-58
R-1043,2026-08-06T16:00,72.1,19,0.7,1,6,-56
R-1043,2026-08-06T17:00,32.2,15,0.4,0,4,-62
R-1043,2026-08-06T18:00,67.6,37,0.0,0,3,-41
R-1043,2026-08-06T19:00,53.2,13,0.5,1,3,-60
R-1043,2026-08-06T20:00,41.6,10,0.8,0,8,-44
R-1043,2026-08-06T21:00,74.6,21,0.7,0,4,-58
R-1043,2026-08-06T22:00,71.5,27,0.9,1,13,-57
R-1043,2026-08-06T23:00,72.0,25,0.5,0,5,-44
R-1044,2026-08-06T00:00,67.0,43,0.2,0,11,-57
R-1044,2026-08-06T01:00,74.6,44,0.0,0,8,-46
R-1044,2026-08-06T02:00,71.8,40,0.4,0,16,-41
R-1044,2026-08-06T03:00,77.7,21,0.8,1,15,-56
R-1044,2026-08-06T04:00,53.3,36,0.1,1,5,-48
R-1044,2026-08-06T05:00,31.1,18,0.5,1,11,-45
R-1044,2026-08-06T06:00,64.7,15,0.3,0,14,-53
R-1044,2026-08-06T07:00,50.1,29,0.7,1,9,-45
R-1044,2026-08-06T08:00,47.4,37,0.2,0,17,-41
R-1044,2026-08-06T09:00,45.2,10,1.0,1,5,-50
R-1044,2026-08-06T10:00,49.1,15,0.1,1,14,-40
R-1044,2026-08-06T11:00,57.5,16,0.7,0,4,-51
R-1044,2026-08-06T12:00,78.6,31,0.2,1,5,-55
R-1044,2026-08-06T13:00,71.1,41,0.3,1,14,-51
R-1044,2026-08-06T14:00,51.2,35,1.0,1,6,-48
R-1044,2026-08-06T15:00,30.9,26,0.5,0,6,-62
R-1044,2026-08-06T16:00,30.5,13,0.8,1,2,-57
R-1044,2026-08-06T17:00,46.0,30,0.2,0,4,-41
R-1044,2026-08-06T18:00,66.3,41,0.8,0,11,-41
R-1044,2026-08-06T19:00,52.4,42,0.3,1,2,-61
R-1044,2026-08-06T20:00,79.5,17,0.4,1,14,-48
R-1044,2026-08-06T21:00,50.3,12,0.2,1,7,-47
R-1044,2026-08-06T22:00,48.7,29,0.7,1,5,-44
R-1044,2026-08-06T23:00,62.1,45,0.7,1,17,-45
R-1045,2026-08-06T00:00,72.0,42,0.1,1,17,-44
R-1045,2026-08-06T01:00,78.4,32,0.8,1,12,-61
R-1045,2026-08-06T02:00,26.5,12,0.1,1,13,-44
R-1045,2026-08-06T03:00,26.5,31,0.4,1,13,-51
R-1045,2026-08-06T04:00,47.7,13,0.7,0,9,-42
R-1045,2026-08-06T05:00,42.2,15,0.9,0,11,-59
R-1045,2026-08-06T06:00,43.6,11,0.5,0,16,-41
R-1045,2026-08-06T07:00,72.5,42,0.9,1,2,-40
R-1045,2026-08-06T08:00,50.8,11,1.0,1,14,-52
R-1045,2026-08-06T09:00,56.5,41,0.1,0,12,-47
R-1045,2026-08-06T10:00,52.7,31,0.2,1,13,-49
R-1045,2026-08-06T11:00,36.1,14,0.8,0,11,-54
R-1045,2026-08-06T12:00,27.6,35,0.8,0,5,-44
R-1045,2026-08-06T13:00,43.5,14,0.6,1,15,-56
R-1045,2026-08-06T14:00,44.1,14,0.7,1,18,-53
R-1045,2026-08-06T15:00,48.8,44,0.3,1,14,-54
R-1045,2026-08-06T16:00,59.4,39,0.7,0,2,-42
R-1045,2026-08-06T17:00,63.7,21,0.6,0,16,-54
R-1045,2026-08-06T18:00,76.5,44,0.8,1,3,-46
R-1045,2026-08-06T19:00,36.0,39,0.1,0,11,-49
R-1045,2026-08-06T20:00,47.6,14,0.6,1,10,-53
R-1045,2026-08-06T21:00,60.5,26,0.7,0,14,-55
R-1045,2026-08-06T22:00,31.2,22,0.0,1,16,-47
R-1045,2026-08-06T23:00,55.8,37,0.4,0,8,-57
R-1046,2026-08-06T00:00,40.0,11,0.3,1,7,-42
R-1046,2026-08-06T01:00,71.9,41,0.8,0,4,-52
R-1046,2026-08-06T02:00,58.1,14,0.9,1,13,-41
R-1046,2026-08-06T03:00,61.2,15,0.4,0,9,-59
R-1046,2026-08-06T04:00,56.4,42,0.9,1,17,-60
R-1046,2026-08-06T05:00,38.1,17,0.8,1,12,-44
R-1046,2026-08-06T06:00,65.5,25,0.9,0,6,-59
R-1046,2026-08-06T07:00,34.6,27,0.4,1,3,-47
R-1046,2026-08-06T08:00,54.3,17,0.3,1,17,-41
R-1046,2026-08-06T09:00,38.5,27,0.9,0,13,-47
R-1046,2026-08-06T10:00,64.4,29,0.0,0,3,-40
R-1046,2026-08-06T11:00,75.5,25,0.3,1,11,-42
R-1046,2026-08-06T12:00,77.7,33,0.9,0,9,-48
R-1046,2026-08-06T13:00,46.4,35,0.9,1,11,-60
R-1046,2026-08-06T14:00,76.5,25,0.3,0,16,-42
R-1046,2026-08-06T15:00,42.4,36,0.8,1,4,-47
R-1046,2026-08-06T16:00,50.9,36,0.9,1,15,-59
R-1046,2026-08-06T17:00,70.3,26,0.5,1,15,-43
R-1046,2026-08-06T18:00,65.1,45,0.7,1,2,-61
R-1046,2026-08-06T19:00,60.3,21,0.6,0,2,-50
R-1046,2026-08-06T20:00,36.0,29,0.3,0,5,-57
R-1046,2026-08-06T21:00,38.7,18,0.8,1,12,-48
R-1046,2026-08-06T22:00,51.3,18,0.3,1,11,-56
R-1046,2026-08-06T23:00,29.6,33,0.2,1,9,-62
R-1047,2026-08-06T00:00,77.1,45,0.6,0,4,-48
R-1047,2026-08-06T01:00,35.9,20,0.0,1,10,-58
R-1047,2026-08-06T02:00,29.9,33,0.2,0,2,-40
R-1047,2026-08-06T03:00,53.9,39,0.8,1,5,-55
R-1047,2026-08-06T04:00,64.2,22,0.9,1,11,-47
R-1047,2026-08-06T05:00,46.0,37,0.9,0,11,-41
R-1047,2026-08-06T06:00,35.4,21,0.4,0,2,-53
R-1047,2026-08-06T07:00,78.7,25,0.6,0,13,-44
R-1047,2026-08-06T08:00,62.6,39,0.1,1,6,-52
R-1047,2026-08-06T09:00,78.6,35,0.7,1,15,-43
R-1047,2026-08-06T10:00,39.1,16,0.6,0,12,-55
R-1047,2026-08-06T11:00,50.9,32,1.0,0,2,-54
R-1047,2026-08-06T12:00,52.7,34,0.3,1,13,-58
R-1047,2026-08-06T13:00,78.2,45,0.0,0,10,-57
R-1047,2026-08-06T14:00,52.7,31,0.9,0,4,-52
R-1047,2026-08-06T15:00,64.1,37,0.1,0,12,-61
R-1047,2026-08-06T16:00,78.8,41,0.9,1,13,-49
R-1047,2026-08-06T17:00,40.6,26,0.6,1,18,-52
R-1047,2026-08-06T18:00,49.0,20,0.3,1,6,-45
R-1047,2026-08-06T19:00,71.9,38,0.1,0,3,-55
R-1047,2026-08-06T20:00,35.1,40,0.3,1,15,-59
R-1047,2026-08-06T21:00,79.7,41,0.0,1,17,-48
R-1047,2026-08-06T22:00,52.1,19,0.1,0,8,-53
R-1047,2026-08-06T23:00,34.9,20,0.7,1,8,-44
R-1048,2026-08-06T00:00,79.9,10,0.5,0,15,-60
R-1048,2026-08-06T01:00,38.5,41,0.7,1,2,-53
R-1048,2026-08-06T02:00,62.5,17,0.4,0,12,-58
R-1048,2026-08-06T03:00,26.6,39,0.8,1,16,-42
R-1048,2026-08-06T04:00,77.5,10,0.3,0,16,-52
R-1048,2026-08-06T05:00,77.1,18,0.2,0,11,-52
R-1048,2026-08-06T06:00,68.9,14,0.5,1,4,-50
R-1048,2026-08-06T07:00,39.0,25,1.0,1,4,-62
R-1048,2026-08-06T08:00,71.9,20,0.4,1,11,-42
R-1048,2026-08-06T09:00,66.4,19,0.1,1,15,-53
R-1048,2026-08-06T10:00,74.7,18,0.4,0,13,-46
R-1048,2026-08-06T11:00,36.0,38,0.9,1,10,-44
R-1048,2026-08-06T12:00,58.0,15,0.8,1,7,-49
R-1048,2026-08-06T13:00,59.7,15,0.0,1,16,-41
R-1048,2026-08-06T14:00,37.3,19,0.9,0,11,-48
R-1048,2026-08-06T15:00,49.1,40,0.3,0,11,-55
R-1048,2026-08-06T16:00,53.8,28,0.6,0,3,-46
R-1048,2026-08-06T17:00,30.9,37,0.4,1,10,-51
R-1048,2026-08-06T18:00,39.0,15,0.8,0,5,-41
R-1048,2026-08-06T19:00,50.5,21,0.8,0,4,-49
R-1048,2026-08-06T20:00,73.2,29,0.3,1,16,-43
R-1048,2026-08-06T21:00,69.4,31,1.0,0,8,-57
R-1048,2026-08-06T22:00,29.3,26,0.9,0,15,-45
R-1048,2026-08-06T23:00,26.0,35,0.1,0,17,-48
R-1049,2026-08-06T00:00,63.0,41,0.3,1,14,-53
R-1049,2026-08-06T01:00,29.8,18,0.0,0,2,-40
R-1049,2026-08-06T02:00,78.4,11,0.2,0,9,-49
R-1049,2026-08-06T03:00,71.3,44,0.2,1,16,-58
R-1049,2026-08-06T04:00,51.1,11,0.1,0,16,-47
R-1049,2026-08-06T05:00,50.9,38,0.6,0,11,-44
R-1049,2026-08-06T06:00,70.6,35,0.1,0,5,-42
R-1049,2026-08-06T07:00,71.6,37,1.0,1,11,-61
R-1049,2026-08-06T08:00,51.8,41,0.5,1,9,-40
R-1049,2026-08-06T09:00,28.3,11,0.4,1,4,-54
R-1049,2026-08-06T10:00,74.1,36,0.9,0,17,-43
R-1049,2026-08-06T11:00,76.6,32,0.4,1,2,-57
R-1049,2026-08-06T12:00,40.8,22,0.5,1,9,-46
R-1049,2026-08-06T13:00,37.1,31,0.9,1,6,-53
R-1049,2026-08-06T14:00,64.8,34,1.0,1,17,-57
R-1049,2026-08-06T15:00,59.2,28,0.7,0,17,-58
R-1049,2026-08-06T16:00,34.5,20,0.6,0,15,-47
R-1049,2026-08-06T17:00,41.7,23,0.6,0,13,-54
R-1049,2026-08-06T18:00,44.6,20,0.2,0,4,-52
R-1049,2026-08-06T19:00,48.7,24,0.1,0,17,-54
R-1049,2026-08-06T20:00,79.7,32,0.8,1,6,-40
R-1049,2026-08-06T21:00,73.1,16,0.7,1,16,-59
R-1049,2026-08-06T22:00,78.6,16,0.8,0,18,-59
R-1049,2026-08-06T23:00,34.2,17,0.9,1,7,-53
R-1050,2026-08-06T00:00,16.5,124,2.5,1,9,-68
R-1050,2026-08-06T01:00,12.4,77,1.4,2,19,-72
R-1050,2026-08-06T02:00,17.2,60,1.7,4,15,-74
R-1050,2026-08-06T03:00,14.1,70,1.8,4,16,-68
R-1050,2026-08-06T04:00,16.0,79,3.3,4,12,-76
R-1050,2026-08-06T05:00,17.6,112,3.8,4,16,-78
R-1050,2026-08-06T06:00,13.3,61,3.2,1,7,-73
R-1050,2026-08-06T07:00,11.8,81,2.3,4,6,-68
R-1050,2026-08-06T08:00,19.1,79,3.7,1,14,-72
R-1050,2026-08-06T09:00,12.8,130,3.6,3,16,-78
R-1050,2026-08-06T10:00,17.9,127,2.8,2,17,-71
R-1050,2026-08-06T11:00,15.7,129,2.9,4,16,-66
R-1050,2026-08-06T12:00,17.4,111,3.3,3,7,-78
R-1050,2026-08-06T13:00,14.4,109,3.2,2,14,-75
R-1050,2026-08-06T14:00,9.1,130,1.9,3,10,-78
R-1050,2026-08-06T15:00,8.3,129,2.8,2,14,-67
R-1050,2026-08-06T16:00,13.1,124,1.3,1,16,-74
R-1050,2026-08-06T17:00,15.5,105,1.4,1,19,-74
R-1050,2026-08-06T18:00,4.3,150,6.3,8,48,-76
R-1050,2026-08-06T19:00,4.9,230,7.3,8,41,-81
R-1050,2026-08-06T20:00,3.1,250,8.1,7,42,-77
R-1050,2026-08-06T21:00,5.0,163,5.6,8,41,-78
R-1050,2026-08-06T22:00,2.4,241,6.1,11,32,-84
R-1050,2026-08-06T23:00,2.2,166,6.4,12,32,-80
R-1051,2026-08-06T00:00,62.2,35,0.6,1,10,-44
R-1051,2026-08-06T01:00,52.4,37,1.0,1,15,-57
R-1051,2026-08-06T02:00,32.9,18,0.5,1,6,-40
R-1051,2026-08-06T03:00,53.2,43,0.1,0,16,-47
R-1051,2026-08-06T04:00,26.8,20,0.9,1,5,-43
R-1051,2026-08-06T05:00,71.9,17,0.1,1,3,-46
R-1051,2026-08-06T06:00,33.4,33,0.3,1,11,-53
R-1051,2026-08-06T07:00,51.7,19,0.1,1,3,-53
R-1051,2026-08-06T08:00,73.9,23,0.2,1,2,-59
R-1051,2026-08-06T09:00,55.1,14,0.9,1,17,-44
R-1051,2026-08-06T10:00,42.0,38,0.9,1,17,-43
R-1051,2026-08-06T11:00,32.3,18,0.5,1,16,-41
R-1051,2026-08-06T12:00,49.7,30,0.1,1,14,-55
R-1051,2026-08-06T13:00,74.5,31,0.5,1,10,-42
R-1051,2026-08-06T14:00,29.9,20,0.7,1,5,-42
R-1051,2026-08-06T15:00,55.8,22,1.0,0,18,-56
R-1051,2026-08-06T16:00,66.3,42,0.9,0,7,-62
R-1051,2026-08-06T17:00,40.1,23,0.2,1,4,-45
R-1051,2026-08-06T18:00,58.4,35,0.6,1,2,-52
R-1051,2026-08-06T19:00,49.0,36,0.0,1,14,-54
R-1051,2026-08-06T20:00,30.0,16,0.5,1,6,-57
R-1051,2026-08-06T21:00,39.1,15,0.2,1,7,-61
R-1051,2026-08-06T22:00,58.8,30,0.2,0,11,-50
R-1051,2026-08-06T23:00,30.4,19,0.4,1,10,-50
R-1052,2026-08-06T00:00,76.8,17,0.1,0,9,-47
R-1052,2026-08-06T01:00,53.0,42,0.4,0,10,-61
R-1052,2026-08-06T02:00,42.5,45,0.4,1,2,-49
R-1052,2026-08-06T03:00,59.8,11,0.3,0,9,-45
R-1052,2026-08-06T04:00,60.8,18,0.3,1,16,-60
R-1052,2026-08-06T05:00,71.5,42,0.2,0,13,-45
R-1052,2026-08-06T06:00,79.2,25,0.5,1,16,-61
R-1052,2026-08-06T07:00,25.1,39,1.0,1,7,-62
R-1052,2026-08-06T08:00,28.3,40,0.3,1,14,-51
R-1052,2026-08-06T09:00,71.3,23,0.6,1,3,-57
R-1052,2026-08-06T10:00,65.7,14,0.3,1,5,-58
R-1052,2026-08-06T11:00,64.9,27,0.9,0,18,-52
R-1052,2026-08-06T12:00,73.6,31,0.6,1,10,-55
R-1052,2026-08-06T13:00,61.4,30,0.3,1,12,-62
R-1052,2026-08-06T14:00,75.3,18,0.6,0,17,-62
R-1052,2026-08-06T15:00,74.6,21,0.4,1,14,-45
R-1052,2026-08-06T16:00,29.5,14,0.5,1,5,-51
R-1052,2026-08-06T17:00,78.5,34,0.8,1,14,-57
R-1052,2026-08-06T18:00,71.2,10,0.1,1,8,-48
R-1052,2026-08-06T19:00,25.5,11,0.8,1,8,-60
R-1052,2026-08-06T20:00,69.9,29,0.8,0,9,-47
R-1052,2026-08-06T21:00,78.2,12,0.3,0,2,-56
R-1052,2026-08-06T22:00,79.1,35,0.1,1,18,-47
R-1052,2026-08-06T23:00,34.4,22,0.7,0,4,-44
R-1053,2026-08-06T00:00,32.1,14,0.1,0,18,-54
R-1053,2026-08-06T01:00,35.6,11,1.0,1,16,-62
R-1053,2026-08-06T02:00,76.6,13,0.9,1,15,-49
R-1053,2026-08-06T03:00,40.1,43,0.5,1,18,-61
R-1053,2026-08-06T04:00,73.6,24,0.0,1,16,-52
R-1053,2026-08-06T05:00,25.3,22,0.3,0,9,-40
R-1053,2026-08-06T06:00,48.3,14,0.9,0,7,-52
R-1053,2026-08-06T07:00,42.1,16,0.0,1,2,-44
R-1053,2026-08-06T08:00,68.8,31,0.8,0,5,-47
R-1053,2026-08-06T09:00,38.1,31,0.8,1,18,-55
R-1053,2026-08-06T10:00,76.9,38,0.8,1,5,-60
R-1053,2026-08-06T11:00,78.6,12,0.4,0,6,-61
R-1053,2026-08-06T12:00,75.6,38,0.1,1,4,-59
R-1053,2026-08-06T13:00,62.3,45,0.1,1,14,-59
R-1053,2026-08-06T14:00,59.0,36,0.2,0,16,-50
R-1053,2026-08-06T15:00,50.5,37,0.9,0,12,-42
R-1053,2026-08-06T16:00,76.6,11,0.5,1,8,-59
R-1053,2026-08-06T17:00,30.6,14,0.6,0,6,-42
R-1053,2026-08-06T18:00,53.0,32,0.4,1,7,-55
R-1053,2026-08-06T19:00,32.6,12,0.1,1,15,-46
R-1053,2026-08-06T20:00,77.8,32,0.3,0,6,-47
R-1053,2026-08-06T21:00,42.0,31,0.3,0,18,-44
R-1053,2026-08-06T22:00,61.2,19,0.1,0,15,-51
R-1053,2026-08-06T23:00,35.7,22,0.6,0,4,-52
R-1054,2026-08-06T00:00,35.4,40,0.7,1,12,-44
R-1054,2026-08-06T01:00,56.1,31,0.6,1,12,-57
R-1054,2026-08-06T02:00,30.8,12,0.5,0,9,-40
R-1054,2026-08-06T03:00,37.7,23,0.2,1,14,-56
R-1054,2026-08-06T04:00,47.0,10,0.4,0,13,-62
R-1054,2026-08-06T05:00,55.5,19,0.3,0,13,-61
R-1054,2026-08-06T06:00,78.6,22,0.2,0,9,-54
R-1054,2026-08-06T07:00,64.5,31,0.8,0,7,-56
R-1054,2026-08-06T08:00,26.2,26,0.9,0,6,-50
R-1054,2026-08-06T09:00,61.0,17,0.3,0,11,-48
R-1054,2026-08-06T10:00,38.2,33,0.7,1,4,-59
R-1054,2026-08-06T11:00,32.9,18,0.8,0,14,-40
R-1054,2026-08-06T12:00,45.6,37,1.0,0,3,-43
R-1054,2026-08-06T13:00,57.3,44,0.3,0,12,-55
R-1054,2026-08-06T14:00,27.9,27,0.9,1,8,-60
R-1054,2026-08-06T15:00,68.2,14,0.2,1,18,-51
R-1054,2026-08-06T16:00,52.4,39,0.2,1,18,-40
R-1054,2026-08-06T17:00,51.6,41,0.5,1,3,-56
R-1054,2026-08-06T18:00,37.1,22,0.5,0,14,-56
R-1054,2026-08-06T19:00,41.8,34,0.6,1,10,-45
R-1054,2026-08-06T20:00,29.7,15,0.3,1,9,-44
R-1054,2026-08-06T21:00,27.3,42,0.6,1,16,-48
R-1054,2026-08-06T22:00,48.8,33,0.8,1,10,-50
R-1054,2026-08-06T23:00,26.4,38,0.2,0,13,-60
R-1055,2026-08-06T00:00,41.2,42,0.5,0,10,-55
R-1055,2026-08-06T01:00,30.4,14,0.4,0,12,-56
R-1055,2026-08-06T02:00,62.1,26,0.3,1,8,-40
R-1055,2026-08-06T03:00,58.2,18,1.0,1,2,-53
R-1055,2026-08-06T04:00,40.5,32,0.8,1,14,-44
R-1055,2026-08-06T05:00,66.7,10,0.5,0,14,-55
R-1055,2026-08-06T06:00,37.5,23,0.5,1,16,-52
R-1055,2026-08-06T07:00,68.6,30,0.8,1,15,-56
R-1055,2026-08-06T08:00,49.1,45,0.0,0,6,-53
R-1055,2026-08-06T09:00,76.9,10,0.5,1,12,-55
R-1055,2026-08-06T10:00,48.1,35,0.8,1,12,-44
R-1055,2026-08-06T11:00,26.3,12,0.9,0,12,-44
R-1055,2026-08-06T12:00,59.6,35,1.0,0,14,-60
R-1055,2026-08-06T13:00,54.4,22,0.5,1,16,-42
R-1055,2026-08-06T14:00,74.2,15,0.2,0,3,-40
R-1055,2026-08-06T15:00,58.2,11,0.2,0,14,-53
R-1055,2026-08-06T16:00,36.3,28,0.7,0,16,-61
R-1055,2026-08-06T17:00,45.3,10,0.2,1,14,-57
R-1055,2026-08-06T18:00,79.4,18,0.5,1,4,-50
R-1055,2026-08-06T19:00,77.5,23,0.1,0,11,-49
R-1055,2026-08-06T20:00,70.0,40,0.2,1,8,-46
R-1055,2026-08-06T21:00,64.4,39,0.3,0,6,-48
R-1055,2026-08-06T22:00,28.5,35,0.6,0,18,-52
R-1055,2026-08-06T23:00,75.1,41,0.5,0,4,-53
R-1056,2026-08-06T00:00,60.5,39,0.3,1,14,-43
R-1056,2026-08-06T01:00,70.3,21,0.4,0,15,-48
R-1056,2026-08-06T02:00,46.2,21,0.7,0,14,-40
R-1056,2026-08-06T03:00,77.0,25,0.9,0,10,-42
R-1056,2026-08-06T04:00,54.6,14,0.7,0,17,-49
R-1056,2026-08-06T05:00,79.6,45,0.1,1,4,-59
R-1056,2026-08-06T06:00,52.7,30,0.4,0,10,-56
R-1056,2026-08-06T07:00,52.8,39,0.0,1,14,-52
R-1056,2026-08-06T08:00,66.0,22,0.4,0,10,-59
R-1056,2026-08-06T09:00,64.0,18,0.3,1,17,-48
R-1056,2026-08-06T10:00,28.8,45,0.7,1,6,-47
R-1056,2026-08-06T11:00,70.1,20,0.2,0,5,-57
R-1056,2026-08-06T12:00,41.2,44,0.7,0,4,-41
R-1056,2026-08-06T13:00,67.0,27,0.2,1,7,-56
R-1056,2026-08-06T14:00,64.3,44,0.2,0,18,-42
R-1056,2026-08-06T15:00,61.4,16,0.4,1,16,-61
R-1056,2026-08-06T16:00,57.9,13,0.8,0,9,-51
R-1056,2026-08-06T17:00,75.0,22,0.1,1,2,-62
R-1056,2026-08-06T18:00,43.5,22,0.7,0,9,-59
R-1056,2026-08-06T19:00,68.8,20,0.7,0,15,-46
R-1056,2026-08-06T20:00,30.9,30,0.3,0,8,-45
R-1056,2026-08-06T21:00,46.7,37,0.1,0,5,-51
R-1056,2026-08-06T22:00,42.8,10,0.4,1,2,-50
R-1056,2026-08-06T23:00,36.7,24,0.1,1,13,-61
R-1057,2026-08-06T00:00,28.7,23,0.4,1,5,-40
R-1057,2026-08-06T01:00,54.5,20,0.3,0,12,-42
R-1057,2026-08-06T02:00,63.3,18,0.3,1,17,-60
R-1057,2026-08-06T03:00,43.4,38,0.4,0,18,-44
R-1057,2026-08-06T04:00,63.8,10,0.2,0,11,-55
R-1057,2026-08-06T05:00,65.6,25,0.6,0,6,-51
R-1057,2026-08-06T06:00,52.4,22,0.2,0,3,-55
R-1057,2026-08-06T07:00,75.8,38,0.7,1,6,-54
R-1057,2026-08-06T08:00,42.5,12,0.5,1,11,-62
R-1057,2026-08-06T09:00,37.6,31,0.3,0,3,-41
R-1057,2026-08-06T10:00,79.4,24,0.6,1,18,-52
R-1057,2026-08-06T11:00,35.1,10,0.1,1,4,-56
R-1057,2026-08-06T12:00,27.9,19,0.9,0,4,-57
R-1057,2026-08-06T13:00,57.6,23,0.2,0,15,-48
R-1057,2026-08-06T14:00,42.1,22,0.2,0,9,-53
R-1057,2026-08-06T15:00,40.7,38,1.0,0,10,-47
R-1057,2026-08-06T16:00,29.4,33,0.4,0,17,-48
R-1057,2026-08-06T17:00,48.2,37,0.8,1,2,-50
R-1057,2026-08-06T18:00,48.5,15,0.8,1,6,-45
R-1057,2026-08-06T19:00,65.0,26,0.4,1,16,-53
R-1057,2026-08-06T20:00,45.6,40,0.1,0,17,-56
R-1057,2026-08-06T21:00,33.5,22,0.0,1,17,-50
R-1057,2026-08-06T22:00,75.9,35,1.0,1,14,-47
R-1057,2026-08-06T23:00,41.9,14,0.4,0,5,-50
R-1058,2026-08-06T00:00,19.2,80,1.6,4,13,-66
R-1058,2026-08-06T01:00,19.0,104,2.5,4,16,-67
R-1058,2026-08-06T02:00,8.7,109,3.8,2,12,-71
R-1058,2026-08-06T03:00,8.4,106,2.9,1,9,-74
R-1058,2026-08-06T04:00,15.3,78,1.8,2,5,-77
R-1058,2026-08-06T05:00,17.3,109,2.2,1,11,-72
R-1058,2026-08-06T06:00,10.0,114,1.8,3,17,-69
R-1058,2026-08-06T07:00,11.7,112,3.3,1,8,-68
R-1058,2026-08-06T08:00,14.9,104,3.4,3,11,-67
R-1058,2026-08-06T09:00,12.8,99,1.0,2,20,-78
R-1058,2026-08-06T10:00,9.2,113,2.6,3,18,-76
R-1058,2026-08-06T11:00,10.1,83,3.1,2,20,-76
R-1058,2026-08-06T12:00,14.0,74,2.4,2,10,-75
R-1058,2026-08-06T13:00,8.7,83,3.4,2,13,-65
R-1058,2026-08-06T14:00,12.9,140,3.7,1,10,-77
R-1058,2026-08-06T15:00,11.5,108,1.4,1,15,-78
R-1058,2026-08-06T16:00,15.0,121,2.5,1,5,-78
R-1058,2026-08-06T17:00,11.2,60,3.0,1,8,-75
R-1058,2026-08-06T18:00,4.1,150,5.9,9,45,-78
R-1058,2026-08-06T19:00,5.0,227,6.1,10,40,-80
R-1058,2026-08-06T20:00,5.3,196,7.3,11,31,-80
R-1058,2026-08-06T21:00,5.5,253,4.5,12,42,-74
R-1058,2026-08-06T22:00,5.3,167,4.1,6,46,-81
R-1058,2026-08-06T23:00,5.8,246,8.1,10,44,-76
R-1059,2026-08-06T00:00,62.7,40,0.5,0,2,-42
R-1059,2026-08-06T01:00,77.7,30,0.0,1,3,-52
R-1059,2026-08-06T02:00,62.3,24,0.6,1,4,-51
R-1059,2026-08-06T03:00,48.5,40,1.0,0,14,-53
R-1059,2026-08-06T04:00,58.4,19,0.9,0,6,-47
R-1059,2026-08-06T05:00,68.8,29,0.8,1,7,-48
R-1059,2026-08-06T06:00,77.5,40,0.7,0,9,-56
R-1059,2026-08-06T07:00,34.4,15,0.1,0,7,-52
R-1059,2026-08-06T08:00,74.6,27,0.2,1,17,-41
R-1059,2026-08-06T09:00,31.8,18,0.9,1,4,-40
R-1059,2026-08-06T10:00,43.3,24,0.9,0,12,-50
R-1059,2026-08-06T11:00,75.1,34,0.7,1,9,-55
R-1059,2026-08-06T12:00,39.3,28,0.1,0,12,-44
R-1059,2026-08-06T13:00,76.5,17,0.6,0,12,-50
R-1059,2026-08-06T14:00,56.7,10,0.3,0,14,-49
R-1059,2026-08-06T15:00,42.6,33,0.8,0,18,-41
R-1059,2026-08-06T16:00,58.1,24,0.1,0,16,-52
R-1059,2026-08-06T17:00,33.0,28,0.8,1,16,-58
R-1059,2026-08-06T18:00,58.1,19,0.7,0,12,-53
R-1059,2026-08-06T19:00,52.6,17,0.3,1,8,-47
R-1059,2026-08-06T20:00,41.0,34,0.1,1,6,-40
R-1059,2026-08-06T21:00,36.6,24,0.7,0,7,-47
R-1059,2026-08-06T22:00,65.0,29,1.0,0,2,-45
R-1059,2026-08-06T23:00,46.6,37,0.7,1,14,-50
